model	objective	gene	status	value
fbc_curation_matlab-main/src/fbc_curation/examples/models/iJR904.xml	obj	G_b3553	optimal	0.921948
fbc_curation_matlab-main/src/fbc_curation/examples/models/iJR904.xml	obj	G_b0347	optimal	0.921948
fbc_curation_matlab-main/src/fbc_curation/examples/models/iJR904.xml	obj	G_b3957	optimal	0.000000
fbc_curation_matlab-main/src/fbc_curation/examples/models/iJR904.xml	obj	G_b0004	optimal	0.921948
fbc_curation_matlab-main/src/fbc_curation/examples/models/iJR904.xml	obj	G_b0430	optimal	0.873973
fbc_curation_matlab-main/src/fbc_curation/examples/models/iJR904.xml	obj	G_b4266	optimal	0.921948
fbc_curation_matlab-main/src/fbc_curation/examples/models/iJR904.xml	obj	G_b2143	optimal	0.921948
fbc_curation_matlab-main/src/fbc_curation/examples/models/iJR904.xml	obj	G_b2066	optimal	0.921948
fbc_curation_matlab-main/src/fbc_curation/examples/models/iJR904.xml	obj	G_b1519	optimal	0.921948
fbc_curation_matlab-main/src/fbc_curation/examples/models/iJR904.xml	obj	G_b2836	optimal	0.921948
fbc_curation_matlab-main/src/fbc_curation/examples/models/iJR904.xml	obj	G_b1276	optimal	0.921948
fbc_curation_matlab-main/src/fbc_curation/examples/models/iJR904.xml	obj	G_b0118	optimal	0.921948
fbc_curation_matlab-main/src/fbc_curation/examples/models/iJR904.xml	obj	G_b3359	optimal	0.000000
fbc_curation_matlab-main/src/fbc_curation/examples/models/iJR904.xml	obj	G_b0910	optimal	0.919078
fbc_curation_matlab-main/src/fbc_curation/examples/models/iJR904.xml	obj	G_b3793	optimal	0.921948
fbc_curation_matlab-main/src/fbc_curation/examples/models/iJR904.xml	obj	G_b1189	optimal	0.921948
fbc_curation_matlab-main/src/fbc_curation/examples/models/iJR904.xml	obj	G_b4042	optimal	0.000000
fbc_curation_matlab-main/src/fbc_curation/examples/models/iJR904.xml	obj	G_b2563	optimal	0.921948
fbc_curation_matlab-main/src/fbc_curation/examples/models/iJR904.xml	obj	G_b2901	optimal	0.921948
fbc_curation_matlab-main/src/fbc_curation/examples/models/iJR904.xml	obj	G_b4069	optimal	0.921948
fbc_curation_matlab-main/src/fbc_curation/examples/models/iJR904.xml	obj	G_b1302	optimal	0.921948
fbc_curation_matlab-main/src/fbc_curation/examples/models/iJR904.xml	obj	G_b1623	optimal	0.921948
fbc_curation_matlab-main/src/fbc_curation/examples/models/iJR904.xml	obj	G_b2838	optimal	0.000000
fbc_curation_matlab-main/src/fbc_curation/examples/models/iJR904.xml	obj	G_b2662	optimal	0.921948
fbc_curation_matlab-main/src/fbc_curation/examples/models/iJR904.xml	obj	G_b2663	optimal	0.921948
fbc_curation_matlab-main/src/fbc_curation/examples/models/iJR904.xml	obj	G_b3809	optimal	0.000000
fbc_curation_matlab-main/src/fbc_curation/examples/models/iJR904.xml	obj	G_b1096	optimal	0.000000
fbc_curation_matlab-main/src/fbc_curation/examples/models/iJR904.xml	obj	G_b2221	optimal	0.921948
fbc_curation_matlab-main/src/fbc_curation/examples/models/iJR904.xml	obj	G_b3360	optimal	0.000000
fbc_curation_matlab-main/src/fbc_curation/examples/models/iJR904.xml	obj	G_b0175	optimal	-0.000000
fbc_curation_matlab-main/src/fbc_curation/examples/models/iJR904.xml	obj	G_b2222	optimal	0.921948
fbc_curation_matlab-main/src/fbc_curation/examples/models/iJR904.xml	obj	G_b2224	optimal	0.921948
fbc_curation_matlab-main/src/fbc_curation/examples/models/iJR904.xml	obj	G_b1812	optimal	0.000000
fbc_curation_matlab-main/src/fbc_curation/examples/models/iJR904.xml	obj	G_b2223	optimal	0.921948
fbc_curation_matlab-main/src/fbc_curation/examples/models/iJR904.xml	obj	G_b0351	optimal	0.921948
fbc_curation_matlab-main/src/fbc_curation/examples/models/iJR904.xml	obj	G_b3665	optimal	0.921948
fbc_curation_matlab-main/src/fbc_curation/examples/models/iJR904.xml	obj	G_b1993	optimal	0.921948
fbc_curation_matlab-main/src/fbc_curation/examples/models/iJR904.xml	obj	G_b3654	optimal	0.921948
fbc_curation_matlab-main/src/fbc_curation/examples/models/iJR904.xml	obj	G_b2316	optimal	0.000000
fbc_curation_matlab-main/src/fbc_curation/examples/models/iJR904.xml	obj	G_b1241	optimal	0.921948
fbc_curation_matlab-main/src/fbc_curation/examples/models/iJR904.xml	obj	G_b3256	optimal	0.000000
fbc_curation_matlab-main/src/fbc_curation/examples/models/iJR904.xml	obj	G_b0474	optimal	0.000000
fbc_curation_matlab-main/src/fbc_curation/examples/models/iJR904.xml	obj	G_b0120	optimal	0.000000
fbc_curation_matlab-main/src/fbc_curation/examples/models/iJR904.xml	obj	G_b3806	optimal	0.921948
fbc_curation_matlab-main/src/fbc_curation/examples/models/iJR904.xml	obj	G_b2393	optimal	0.921948
fbc_curation_matlab-main/src/fbc_curation/examples/models/iJR904.xml	obj	G_b3255	optimal	0.000000
fbc_curation_matlab-main/src/fbc_curation/examples/models/iJR904.xml	obj	G_b2964	optimal	0.921948
fbc_curation_matlab-main/src/fbc_curation/examples/models/iJR904.xml	obj	G_b3041	optimal	-0.000000
fbc_curation_matlab-main/src/fbc_curation/examples/models/iJR904.xml	obj	G_b0185	optimal	0.000000
fbc_curation_matlab-main/src/fbc_curation/examples/models/iJR904.xml	obj	G_b2406	optimal	0.921948
fbc_curation_matlab-main/src/fbc_curation/examples/models/iJR904.xml	obj	G_b0335	optimal	0.921948
fbc_curation_matlab-main/src/fbc_curation/examples/models/iJR904.xml	obj	G_b0778	optimal	0.921948
fbc_curation_matlab-main/src/fbc_curation/examples/models/iJR904.xml	obj	G_b3784	optimal	0.921948
fbc_curation_matlab-main/src/fbc_curation/examples/models/iJR904.xml	obj	G_b1992	optimal	0.921948
fbc_curation_matlab-main/src/fbc_curation/examples/models/iJR904.xml	obj	G_b2415	optimal	0.898973
fbc_curation_matlab-main/src/fbc_curation/examples/models/iJR904.xml	obj	G_b0469	optimal	0.921948
fbc_curation_matlab-main/src/fbc_curation/examples/models/iJR904.xml	obj	G_b2065	optimal	0.921948
fbc_curation_matlab-main/src/fbc_curation/examples/models/iJR904.xml	obj	G_b2417	optimal	0.921948
fbc_curation_matlab-main/src/fbc_curation/examples/models/iJR904.xml	obj	G_b3693	optimal	0.921948
fbc_curation_matlab-main/src/fbc_curation/examples/models/iJR904.xml	obj	G_b1101	optimal	0.921948
fbc_curation_matlab-main/src/fbc_curation/examples/models/iJR904.xml	obj	G_b2750	optimal	-0.000000
fbc_curation_matlab-main/src/fbc_curation/examples/models/iJR904.xml	obj	G_b0679	optimal	0.921948
fbc_curation_matlab-main/src/fbc_curation/examples/models/iJR904.xml	obj	G_b1131	optimal	0.000000
fbc_curation_matlab-main/src/fbc_curation/examples/models/iJR904.xml	obj	G_b3909	optimal	0.921948
fbc_curation_matlab-main/src/fbc_curation/examples/models/iJR904.xml	obj	G_b2416	optimal	0.898973
fbc_curation_matlab-main/src/fbc_curation/examples/models/iJR904.xml	obj	G_b3526	optimal	0.921948
fbc_curation_matlab-main/src/fbc_curation/examples/models/iJR904.xml	obj	G_b3959	optimal	0.000000
fbc_curation_matlab-main/src/fbc_curation/examples/models/iJR904.xml	obj	G_b2818	optimal	0.000000
fbc_curation_matlab-main/src/fbc_curation/examples/models/iJR904.xml	obj	G_b4177	optimal	-0.000000
fbc_curation_matlab-main/src/fbc_curation/examples/models/iJR904.xml	obj	G_b2601	optimal	0.921948
fbc_curation_matlab-main/src/fbc_curation/examples/models/iJR904.xml	obj	G_b3767	optimal	0.921948
fbc_curation_matlab-main/src/fbc_curation/examples/models/iJR904.xml	obj	G_b0754	optimal	0.921948
fbc_curation_matlab-main/src/fbc_curation/examples/models/iJR904.xml	obj	G_b0677	optimal	0.921948
fbc_curation_matlab-main/src/fbc_curation/examples/models/iJR904.xml	obj	G_b3769	optimal	0.921948
fbc_curation_matlab-main/src/fbc_curation/examples/models/iJR904.xml	obj	G_b3619	optimal	0.000000
fbc_curation_matlab-main/src/fbc_curation/examples/models/iJR904.xml	obj	G_b0077	optimal	0.921948
fbc_curation_matlab-main/src/fbc_curation/examples/models/iJR904.xml	obj	G_b2937	optimal	0.921948
fbc_curation_matlab-main/src/fbc_curation/examples/models/iJR904.xml	obj	G_b1704	optimal	0.921948
fbc_curation_matlab-main/src/fbc_curation/examples/models/iJR904.xml	obj	G_b3670	optimal	0.921948
fbc_curation_matlab-main/src/fbc_curation/examples/models/iJR904.xml	obj	G_b3958	optimal	0.000000
fbc_curation_matlab-main/src/fbc_curation/examples/models/iJR904.xml	obj	G_b0078	optimal	0.921948
fbc_curation_matlab-main/src/fbc_curation/examples/models/iJR904.xml	obj	G_b3671	optimal	0.921948
fbc_curation_matlab-main/src/fbc_curation/examples/models/iJR904.xml	obj	G_b3768	optimal	0.921948
fbc_curation_matlab-main/src/fbc_curation/examples/models/iJR904.xml	obj	G_b0159	optimal	0.000000
fbc_curation_matlab-main/src/fbc_curation/examples/models/iJR904.xml	obj	G_b2296	optimal	0.921948
fbc_curation_matlab-main/src/fbc_curation/examples/models/iJR904.xml	obj	G_b1849	optimal	0.921948
fbc_curation_matlab-main/src/fbc_curation/examples/models/iJR904.xml	obj	G_b4006	optimal	0.000000
fbc_curation_matlab-main/src/fbc_curation/examples/models/iJR904.xml	obj	G_b3692	optimal	0.921948
fbc_curation_matlab-main/src/fbc_curation/examples/models/iJR904.xml	obj	G_b3115	optimal	0.921948
fbc_curation_matlab-main/src/fbc_curation/examples/models/iJR904.xml	obj	G_b3648	optimal	0.000000
fbc_curation_matlab-main/src/fbc_curation/examples/models/iJR904.xml	obj	G_b0522	optimal	0.000000
fbc_curation_matlab-main/src/fbc_curation/examples/models/iJR904.xml	obj	G_b3794	optimal	0.921948
fbc_curation_matlab-main/src/fbc_curation/examples/models/iJR904.xml	obj	G_b0523	optimal	0.000000
fbc_curation_matlab-main/src/fbc_curation/examples/models/iJR904.xml	obj	G_b3771	optimal	0.000000
fbc_curation_matlab-main/src/fbc_curation/examples/models/iJR904.xml	obj	G_b0116	optimal	0.870382
fbc_curation_matlab-main/src/fbc_curation/examples/models/iJR904.xml	obj	G_b1817	optimal	0.921948
fbc_curation_matlab-main/src/fbc_curation/examples/models/iJR904.xml	obj	G_b1818	optimal	0.921948
fbc_curation_matlab-main/src/fbc_curation/examples/models/iJR904.xml	obj	G_b1198	optimal	0.921948
fbc_curation_matlab-main/src/fbc_curation/examples/models/iJR904.xml	obj	G_b1819	optimal	0.921948
fbc_curation_matlab-main/src/fbc_curation/examples/models/iJR904.xml	obj	G_b1199	optimal	0.921948
fbc_curation_matlab-main/src/fbc_curation/examples/models/iJR904.xml	obj	G_b0726	optimal	0.906129
fbc_curation_matlab-main/src/fbc_curation/examples/models/iJR904.xml	obj	G_b3224	optimal	0.921948
fbc_curation_matlab-main/src/fbc_curation/examples/models/iJR904.xml	obj	G_b0727	optimal	0.906129
fbc_curation_matlab-main/src/fbc_curation/examples/models/iJR904.xml	obj	G_b1200	optimal	0.921948
fbc_curation_matlab-main/src/fbc_curation/examples/models/iJR904.xml	obj	G_b3225	optimal	0.921948
fbc_curation_matlab-main/src/fbc_curation/examples/models/iJR904.xml	obj	G_b1091	optimal	0.920581
fbc_curation_matlab-main/src/fbc_curation/examples/models/iJR904.xml	obj	G_b0596	optimal	0.921948
fbc_curation_matlab-main/src/fbc_curation/examples/models/iJR904.xml	obj	G_b2587	optimal	0.921948
fbc_curation_matlab-main/src/fbc_curation/examples/models/iJR904.xml	obj	G_b3967	optimal	0.000000
fbc_curation_matlab-main/src/fbc_curation/examples/models/iJR904.xml	obj	G_b0381	optimal	0.921948
fbc_curation_matlab-main/src/fbc_curation/examples/models/iJR904.xml	obj	G_b0092	optimal	0.921948
fbc_curation_matlab-main/src/fbc_curation/examples/models/iJR904.xml	obj	G_b0594	optimal	0.921948
fbc_curation_matlab-main/src/fbc_curation/examples/models/iJR904.xml	obj	G_b2541	optimal	0.921948
fbc_curation_matlab-main/src/fbc_curation/examples/models/iJR904.xml	obj	G_b3212	optimal	0.921948
fbc_curation_matlab-main/src/fbc_curation/examples/models/iJR904.xml	obj	G_b0348	optimal	0.921948
fbc_curation_matlab-main/src/fbc_curation/examples/models/iJR904.xml	obj	G_b3213	optimal	0.921948
fbc_curation_matlab-main/src/fbc_curation/examples/models/iJR904.xml	obj	G_b4053	optimal	0.921948
fbc_curation_matlab-main/src/fbc_curation/examples/models/iJR904.xml	obj	G_b1210	optimal	0.921948
fbc_curation_matlab-main/src/fbc_curation/examples/models/iJR904.xml	obj	G_b1190	optimal	0.921948
fbc_curation_matlab-main/src/fbc_curation/examples/models/iJR904.xml	obj	G_b0031	optimal	0.000000
fbc_curation_matlab-main/src/fbc_curation/examples/models/iJR904.xml	obj	G_b2400	optimal	0.921948
fbc_curation_matlab-main/src/fbc_curation/examples/models/iJR904.xml	obj	G_b2551	optimal	0.889483
fbc_curation_matlab-main/src/fbc_curation/examples/models/iJR904.xml	obj	G_b3653	optimal	0.921948
fbc_curation_matlab-main/src/fbc_curation/examples/models/iJR904.xml	obj	G_b2478	optimal	0.000000
fbc_curation_matlab-main/src/fbc_curation/examples/models/iJR904.xml	obj	G_b0507	optimal	0.921948
fbc_curation_matlab-main/src/fbc_curation/examples/models/iJR904.xml	obj	G_b3455	optimal	0.921948
fbc_curation_matlab-main/src/fbc_curation/examples/models/iJR904.xml	obj	G_b3927	optimal	0.921948
fbc_curation_matlab-main/src/fbc_curation/examples/models/iJR904.xml	obj	G_b3457	optimal	0.921948
fbc_curation_matlab-main/src/fbc_curation/examples/models/iJR904.xml	obj	G_b3456	optimal	0.921948
fbc_curation_matlab-main/src/fbc_curation/examples/models/iJR904.xml	obj	G_b3454	optimal	0.921948
fbc_curation_matlab-main/src/fbc_curation/examples/models/iJR904.xml	obj	G_b0048	optimal	0.000000
fbc_curation_matlab-main/src/fbc_curation/examples/models/iJR904.xml	obj	G_b3617	optimal	0.921948
fbc_curation_matlab-main/src/fbc_curation/examples/models/iJR904.xml	obj	G_b2315	optimal	0.000000
fbc_curation_matlab-main/src/fbc_curation/examples/models/iJR904.xml	obj	G_b3450	optimal	0.921948
fbc_curation_matlab-main/src/fbc_curation/examples/models/iJR904.xml	obj	G_b3930	optimal	0.921948
fbc_curation_matlab-main/src/fbc_curation/examples/models/iJR904.xml	obj	G_b3460	optimal	0.921948
fbc_curation_matlab-main/src/fbc_curation/examples/models/iJR904.xml	obj	G_b3452	optimal	0.921948
fbc_curation_matlab-main/src/fbc_curation/examples/models/iJR904.xml	obj	G_b3058	optimal	0.000000
fbc_curation_matlab-main/src/fbc_curation/examples/models/iJR904.xml	obj	G_b3453	optimal	0.921948
fbc_curation_matlab-main/src/fbc_curation/examples/models/iJR904.xml	obj	G_b4208	optimal	0.921948
fbc_curation_matlab-main/src/fbc_curation/examples/models/iJR904.xml	obj	G_b3451	optimal	0.921948
fbc_curation_matlab-main/src/fbc_curation/examples/models/iJR904.xml	obj	G_b0945	optimal	-0.000000
fbc_curation_matlab-main/src/fbc_curation/examples/models/iJR904.xml	obj	G_b2240	optimal	0.921948
fbc_curation_matlab-main/src/fbc_curation/examples/models/iJR904.xml	obj	G_b0007	optimal	0.921948
fbc_curation_matlab-main/src/fbc_curation/examples/models/iJR904.xml	obj	G_b3945	optimal	0.921948
fbc_curation_matlab-main/src/fbc_curation/examples/models/iJR904.xml	obj	G_b0356	optimal	0.921948
fbc_curation_matlab-main/src/fbc_curation/examples/models/iJR904.xml	obj	G_b1062	optimal	-0.000000
fbc_curation_matlab-main/src/fbc_curation/examples/models/iJR904.xml	obj	G_b0514	optimal	0.921948
fbc_curation_matlab-main/src/fbc_curation/examples/models/iJR904.xml	obj	G_b3177	optimal	0.000000
fbc_curation_matlab-main/src/fbc_curation/examples/models/iJR904.xml	obj	G_b3124	optimal	0.921948
fbc_curation_matlab-main/src/fbc_curation/examples/models/iJR904.xml	obj	G_b1693	optimal	0.000000
fbc_curation_matlab-main/src/fbc_curation/examples/models/iJR904.xml	obj	G_b1385	optimal	0.921948
fbc_curation_matlab-main/src/fbc_curation/examples/models/iJR904.xml	obj	G_b2904	optimal	0.921948
fbc_curation_matlab-main/src/fbc_curation/examples/models/iJR904.xml	obj	G_b1300	optimal	0.921948
fbc_curation_matlab-main/src/fbc_curation/examples/models/iJR904.xml	obj	G_b2903	optimal	0.921948
fbc_curation_matlab-main/src/fbc_curation/examples/models/iJR904.xml	obj	G_b0516	optimal	0.921948
fbc_curation_matlab-main/src/fbc_curation/examples/models/iJR904.xml	obj	G_b3389	optimal	0.000000
fbc_curation_matlab-main/src/fbc_curation/examples/models/iJR904.xml	obj	G_b2905	optimal	0.921948
fbc_curation_matlab-main/src/fbc_curation/examples/models/iJR904.xml	obj	G_b0512	optimal	0.921948
fbc_curation_matlab-main/src/fbc_curation/examples/models/iJR904.xml	obj	G_b1033	optimal	0.921948
fbc_curation_matlab-main/src/fbc_curation/examples/models/iJR904.xml	obj	G_b0511	optimal	0.921948
fbc_curation_matlab-main/src/fbc_curation/examples/models/iJR904.xml	obj	G_b0207	optimal	0.921948
fbc_curation_matlab-main/src/fbc_curation/examples/models/iJR904.xml	obj	G_b2979	optimal	0.920963
fbc_curation_matlab-main/src/fbc_curation/examples/models/iJR904.xml	obj	G_b2978	optimal	0.920963
fbc_curation_matlab-main/src/fbc_curation/examples/models/iJR904.xml	obj	G_b3012	optimal	0.921948
fbc_curation_matlab-main/src/fbc_curation/examples/models/iJR904.xml	obj	G_b3091	optimal	0.921948
fbc_curation_matlab-main/src/fbc_curation/examples/models/iJR904.xml	obj	G_b3926	optimal	0.921942
fbc_curation_matlab-main/src/fbc_curation/examples/models/iJR904.xml	obj	G_b0421	optimal	0.921948
fbc_curation_matlab-main/src/fbc_curation/examples/models/iJR904.xml	obj	G_b0212	optimal	0.921948
fbc_curation_matlab-main/src/fbc_curation/examples/models/iJR904.xml	obj	G_b0029	optimal	0.921948
fbc_curation_matlab-main/src/fbc_curation/examples/models/iJR904.xml	obj	G_b3416	optimal	0.921948
fbc_curation_matlab-main/src/fbc_curation/examples/models/iJR904.xml	obj	G_b2053	optimal	0.921948
fbc_curation_matlab-main/src/fbc_curation/examples/models/iJR904.xml	obj	G_b3223	optimal	0.921948
fbc_curation_matlab-main/src/fbc_curation/examples/models/iJR904.xml	obj	G_b3222	optimal	0.921948
fbc_curation_matlab-main/src/fbc_curation/examples/models/iJR904.xml	obj	G_b2232	optimal	0.921948
fbc_curation_matlab-main/src/fbc_curation/examples/models/iJR904.xml	obj	G_b3052	optimal	0.000000
fbc_curation_matlab-main/src/fbc_curation/examples/models/iJR904.xml	obj	G_b0894	optimal	0.921948
fbc_curation_matlab-main/src/fbc_curation/examples/models/iJR904.xml	obj	G_b0896	optimal	0.921948
fbc_curation_matlab-main/src/fbc_curation/examples/models/iJR904.xml	obj	G_b0200	optimal	0.000000
fbc_curation_matlab-main/src/fbc_curation/examples/models/iJR904.xml	obj	G_b0895	optimal	0.921948
fbc_curation_matlab-main/src/fbc_curation/examples/models/iJR904.xml	obj	G_b0774	optimal	0.921948
fbc_curation_matlab-main/src/fbc_curation/examples/models/iJR904.xml	obj	G_b0104	optimal	0.921948
fbc_curation_matlab-main/src/fbc_curation/examples/models/iJR904.xml	obj	G_b2507	optimal	-0.000000
fbc_curation_matlab-main/src/fbc_curation/examples/models/iJR904.xml	obj	G_b1872	optimal	0.921948
fbc_curation_matlab-main/src/fbc_curation/examples/models/iJR904.xml	obj	G_b1873	optimal	0.921948
fbc_curation_matlab-main/src/fbc_curation/examples/models/iJR904.xml	obj	G_b2029	optimal	0.901493
fbc_curation_matlab-main/src/fbc_curation/examples/models/iJR904.xml	obj	G_b1865	optimal	0.921948
fbc_curation_matlab-main/src/fbc_curation/examples/models/iJR904.xml	obj	G_b3929	optimal	0.921948
fbc_curation_matlab-main/src/fbc_curation/examples/models/iJR904.xml	obj	G_b4268	optimal	0.921948
fbc_curation_matlab-main/src/fbc_curation/examples/models/iJR904.xml	obj	G_b3994	optimal	0.921948
fbc_curation_matlab-main/src/fbc_curation/examples/models/iJR904.xml	obj	G_b3437	optimal	0.921948
fbc_curation_matlab-main/src/fbc_curation/examples/models/iJR904.xml	obj	G_b1982	optimal	0.921948
fbc_curation_matlab-main/src/fbc_curation/examples/models/iJR904.xml	obj	G_b0099	optimal	0.921948
fbc_curation_matlab-main/src/fbc_curation/examples/models/iJR904.xml	obj	G_b2239	optimal	0.921948
fbc_curation_matlab-main/src/fbc_curation/examples/models/iJR904.xml	obj	G_b3575	optimal	0.921948
fbc_curation_matlab-main/src/fbc_curation/examples/models/iJR904.xml	obj	G_b1263	optimal	-0.000000
fbc_curation_matlab-main/src/fbc_curation/examples/models/iJR904.xml	obj	G_b0477	optimal	0.921948
fbc_curation_matlab-main/src/fbc_curation/examples/models/iJR904.xml	obj	G_b1264	optimal	-0.000000
fbc_curation_matlab-main/src/fbc_curation/examples/models/iJR904.xml	obj	G_b3774	optimal	0.000000
fbc_curation_matlab-main/src/fbc_curation/examples/models/iJR904.xml	obj	G_b2988	optimal	0.921948
fbc_curation_matlab-main/src/fbc_curation/examples/models/iJR904.xml	obj	G_b0425	optimal	0.921948
fbc_curation_matlab-main/src/fbc_curation/examples/models/iJR904.xml	obj	G_b0776	optimal	0.921948
fbc_curation_matlab-main/src/fbc_curation/examples/models/iJR904.xml	obj	G_b3500	optimal	0.921948
fbc_curation_matlab-main/src/fbc_curation/examples/models/iJR904.xml	obj	G_b2947	optimal	0.921948
fbc_curation_matlab-main/src/fbc_curation/examples/models/iJR904.xml	obj	G_b0049	optimal	0.921948
fbc_curation_matlab-main/src/fbc_curation/examples/models/iJR904.xml	obj	G_b2153	optimal	0.000000
fbc_curation_matlab-main/src/fbc_curation/examples/models/iJR904.xml	obj	G_b0414	optimal	-0.000000
fbc_curation_matlab-main/src/fbc_curation/examples/models/iJR904.xml	obj	G_b4381	optimal	0.920738
fbc_curation_matlab-main/src/fbc_curation/examples/models/iJR904.xml	obj	G_b1277	optimal	-0.000000
fbc_curation_matlab-main/src/fbc_curation/examples/models/iJR904.xml	obj	G_b1098	optimal	0.000000
fbc_curation_matlab-main/src/fbc_curation/examples/models/iJR904.xml	obj	G_b0062	optimal	0.921948
fbc_curation_matlab-main/src/fbc_curation/examples/models/iJR904.xml	obj	G_b2883	optimal	0.921948
fbc_curation_matlab-main/src/fbc_curation/examples/models/iJR904.xml	obj	G_b1238	optimal	0.921948
fbc_curation_matlab-main/src/fbc_curation/examples/models/iJR904.xml	obj	G_b0238	optimal	0.921948
fbc_curation_matlab-main/src/fbc_curation/examples/models/iJR904.xml	obj	G_b4382	optimal	0.921948
fbc_curation_matlab-main/src/fbc_curation/examples/models/iJR904.xml	obj	G_b1901	optimal	0.921948
fbc_curation_matlab-main/src/fbc_curation/examples/models/iJR904.xml	obj	G_b0125	optimal	0.921948
fbc_curation_matlab-main/src/fbc_curation/examples/models/iJR904.xml	obj	G_b4384	optimal	0.921948
fbc_curation_matlab-main/src/fbc_curation/examples/models/iJR904.xml	obj	G_b3092	optimal	0.921948
fbc_curation_matlab-main/src/fbc_curation/examples/models/iJR904.xml	obj	G_b1898	optimal	0.921948
fbc_curation_matlab-main/src/fbc_curation/examples/models/iJR904.xml	obj	G_b4040	optimal	0.921948
fbc_curation_matlab-main/src/fbc_curation/examples/models/iJR904.xml	obj	G_b3640	optimal	0.921948
fbc_curation_matlab-main/src/fbc_curation/examples/models/iJR904.xml	obj	G_b0173	optimal	0.921948
fbc_curation_matlab-main/src/fbc_curation/examples/models/iJR904.xml	obj	G_b0353	optimal	0.921948
fbc_curation_matlab-main/src/fbc_curation/examples/models/iJR904.xml	obj	G_b0420	optimal	0.921948
fbc_curation_matlab-main/src/fbc_curation/examples/models/iJR904.xml	obj	G_b1900	optimal	0.921948
fbc_curation_matlab-main/src/fbc_curation/examples/models/iJR904.xml	obj	G_b0126	optimal	0.921948
fbc_curation_matlab-main/src/fbc_curation/examples/models/iJR904.xml	obj	G_b1899	optimal	0.921948
fbc_curation_matlab-main/src/fbc_curation/examples/models/iJR904.xml	obj	G_b0339	optimal	0.921948
fbc_curation_matlab-main/src/fbc_curation/examples/models/iJR904.xml	obj	G_b2841	optimal	0.921948
fbc_curation_matlab-main/src/fbc_curation/examples/models/iJR904.xml	obj	G_b3564	optimal	0.921948
fbc_curation_matlab-main/src/fbc_curation/examples/models/iJR904.xml	obj	G_b2344	optimal	0.921948
fbc_curation_matlab-main/src/fbc_curation/examples/models/iJR904.xml	obj	G_b2975	optimal	0.921948
fbc_curation_matlab-main/src/fbc_curation/examples/models/iJR904.xml	obj	G_b4117	optimal	0.921948
fbc_curation_matlab-main/src/fbc_curation/examples/models/iJR904.xml	obj	G_b0428	optimal	0.921948
fbc_curation_matlab-main/src/fbc_curation/examples/models/iJR904.xml	obj	G_b2938	optimal	0.921948
fbc_curation_matlab-main/src/fbc_curation/examples/models/iJR904.xml	obj	G_b2104	optimal	0.921948
fbc_curation_matlab-main/src/fbc_curation/examples/models/iJR904.xml	obj	G_b3603	optimal	0.921948
fbc_curation_matlab-main/src/fbc_curation/examples/models/iJR904.xml	obj	G_b2388	optimal	0.921948
fbc_curation_matlab-main/src/fbc_curation/examples/models/iJR904.xml	obj	G_b2927	optimal	0.921948
fbc_curation_matlab-main/src/fbc_curation/examples/models/iJR904.xml	obj	G_b1605	optimal	0.921948
fbc_curation_matlab-main/src/fbc_curation/examples/models/iJR904.xml	obj	G_b3960	optimal	-0.000000
fbc_curation_matlab-main/src/fbc_curation/examples/models/iJR904.xml	obj	G_b2020	optimal	0.000000
fbc_curation_matlab-main/src/fbc_curation/examples/models/iJR904.xml	obj	G_b3172	optimal	-0.000000
fbc_curation_matlab-main/src/fbc_curation/examples/models/iJR904.xml	obj	G_b1850	optimal	0.921948
fbc_curation_matlab-main/src/fbc_curation/examples/models/iJR904.xml	obj	G_b2022	optimal	0.000000
fbc_curation_matlab-main/src/fbc_curation/examples/models/iJR904.xml	obj	G_b1851	optimal	0.921948
fbc_curation_matlab-main/src/fbc_curation/examples/models/iJR904.xml	obj	G_b1054	optimal	0.000000
fbc_curation_matlab-main/src/fbc_curation/examples/models/iJR904.xml	obj	G_b1855	optimal	0.000000
fbc_curation_matlab-main/src/fbc_curation/examples/models/iJR904.xml	obj	G_b2308	optimal	0.921948
fbc_curation_matlab-main/src/fbc_curation/examples/models/iJR904.xml	obj	G_b0864	optimal	0.921948
fbc_curation_matlab-main/src/fbc_curation/examples/models/iJR904.xml	obj	G_b2309	optimal	0.921948
fbc_curation_matlab-main/src/fbc_curation/examples/models/iJR904.xml	obj	G_b2307	optimal	0.921948
fbc_curation_matlab-main/src/fbc_curation/examples/models/iJR904.xml	obj	G_b2310	optimal	0.921948
fbc_curation_matlab-main/src/fbc_curation/examples/models/iJR904.xml	obj	G_b0112	optimal	0.921948
fbc_curation_matlab-main/src/fbc_curation/examples/models/iJR904.xml	obj	G_b0862	optimal	0.921948
fbc_curation_matlab-main/src/fbc_curation/examples/models/iJR904.xml	obj	G_b0861	optimal	0.921948
fbc_curation_matlab-main/src/fbc_curation/examples/models/iJR904.xml	obj	G_b2378	optimal	0.921948
fbc_curation_matlab-main/src/fbc_curation/examples/models/iJR904.xml	obj	G_b0349	optimal	0.921948
fbc_curation_matlab-main/src/fbc_curation/examples/models/iJR904.xml	obj	G_b2779	optimal	0.745293
fbc_curation_matlab-main/src/fbc_curation/examples/models/iJR904.xml	obj	G_b0860	optimal	0.921948
fbc_curation_matlab-main/src/fbc_curation/examples/models/iJR904.xml	obj	G_b3805	optimal	0.921948
fbc_curation_matlab-main/src/fbc_curation/examples/models/iJR904.xml	obj	G_b2306	optimal	0.921948
fbc_curation_matlab-main/src/fbc_curation/examples/models/iJR904.xml	obj	G_b2103	optimal	0.921948
fbc_curation_matlab-main/src/fbc_curation/examples/models/iJR904.xml	obj	G_b3433	optimal	0.000000
fbc_curation_matlab-main/src/fbc_curation/examples/models/iJR904.xml	obj	G_b0583	optimal	0.921948
fbc_curation_matlab-main/src/fbc_curation/examples/models/iJR904.xml	obj	G_b2418	optimal	0.921948
fbc_curation_matlab-main/src/fbc_curation/examples/models/iJR904.xml	obj	G_b0352	optimal	0.921948
fbc_curation_matlab-main/src/fbc_curation/examples/models/iJR904.xml	obj	G_b0142	optimal	0.000000
fbc_curation_matlab-main/src/fbc_curation/examples/models/iJR904.xml	obj	G_b2441	optimal	0.921948
fbc_curation_matlab-main/src/fbc_curation/examples/models/iJR904.xml	obj	G_b2957	optimal	0.921948
fbc_curation_matlab-main/src/fbc_curation/examples/models/iJR904.xml	obj	G_b0508	optimal	0.921948
fbc_curation_matlab-main/src/fbc_curation/examples/models/iJR904.xml	obj	G_b0003	optimal	0.921948
fbc_curation_matlab-main/src/fbc_curation/examples/models/iJR904.xml	obj	G_b1767	optimal	0.921948
fbc_curation_matlab-main/src/fbc_curation/examples/models/iJR904.xml	obj	G_b2440	optimal	0.921948
fbc_curation_matlab-main/src/fbc_curation/examples/models/iJR904.xml	obj	G_b4013	optimal	0.000000
fbc_curation_matlab-main/src/fbc_curation/examples/models/iJR904.xml	obj	G_b2021	optimal	0.000000
fbc_curation_matlab-main/src/fbc_curation/examples/models/iJR904.xml	obj	G_b3946	optimal	0.921948
fbc_curation_matlab-main/src/fbc_curation/examples/models/iJR904.xml	obj	G_b2994	optimal	0.921948
fbc_curation_matlab-main/src/fbc_curation/examples/models/iJR904.xml	obj	G_b0825	optimal	0.921948
fbc_curation_matlab-main/src/fbc_curation/examples/models/iJR904.xml	obj	G_b0828	optimal	0.921948
fbc_curation_matlab-main/src/fbc_curation/examples/models/iJR904.xml	obj	G_b0674	optimal	0.921948
fbc_curation_matlab-main/src/fbc_curation/examples/models/iJR904.xml	obj	G_b0973	optimal	0.921948
fbc_curation_matlab-main/src/fbc_curation/examples/models/iJR904.xml	obj	G_b0974	optimal	0.921948
fbc_curation_matlab-main/src/fbc_curation/examples/models/iJR904.xml	obj	G_b3744	optimal	0.920973
fbc_curation_matlab-main/src/fbc_curation/examples/models/iJR904.xml	obj	G_b1805	optimal	0.921948
fbc_curation_matlab-main/src/fbc_curation/examples/models/iJR904.xml	obj	G_b0972	optimal	0.921948
fbc_curation_matlab-main/src/fbc_curation/examples/models/iJR904.xml	obj	G_b2997	optimal	0.921948
fbc_curation_matlab-main/src/fbc_curation/examples/models/iJR904.xml	obj	G_b1136	optimal	0.000000
fbc_curation_matlab-main/src/fbc_curation/examples/models/iJR904.xml	obj	G_b0131	infeasible	NaN
fbc_curation_matlab-main/src/fbc_curation/examples/models/iJR904.xml	obj	G_b2265	optimal	0.921948
fbc_curation_matlab-main/src/fbc_curation/examples/models/iJR904.xml	obj	G_b3845	optimal	0.921948
fbc_curation_matlab-main/src/fbc_curation/examples/models/iJR904.xml	obj	G_b3846	optimal	0.921948
fbc_curation_matlab-main/src/fbc_curation/examples/models/iJR904.xml	obj	G_b0593	optimal	0.921948
fbc_curation_matlab-main/src/fbc_curation/examples/models/iJR904.xml	obj	G_b4244	optimal	-0.000000
fbc_curation_matlab-main/src/fbc_curation/examples/models/iJR904.xml	obj	G_b0595	optimal	0.921948
fbc_curation_matlab-main/src/fbc_curation/examples/models/iJR904.xml	obj	G_b0221	optimal	0.921948
fbc_curation_matlab-main/src/fbc_curation/examples/models/iJR904.xml	obj	G_b4015	optimal	0.921948
fbc_curation_matlab-main/src/fbc_curation/examples/models/iJR904.xml	obj	G_b4245	optimal	-0.000000
fbc_curation_matlab-main/src/fbc_curation/examples/models/iJR904.xml	obj	G_b4267	optimal	0.921948
fbc_curation_matlab-main/src/fbc_curation/examples/models/iJR904.xml	obj	G_b1773	optimal	0.921948
fbc_curation_matlab-main/src/fbc_curation/examples/models/iJR904.xml	obj	G_b2025	optimal	0.000000
fbc_curation_matlab-main/src/fbc_curation/examples/models/iJR904.xml	obj	G_b4024	optimal	0.921948
fbc_curation_matlab-main/src/fbc_curation/examples/models/iJR904.xml	obj	G_b2023	optimal	0.000000
fbc_curation_matlab-main/src/fbc_curation/examples/models/iJR904.xml	obj	G_b2097	optimal	0.921948
fbc_curation_matlab-main/src/fbc_curation/examples/models/iJR904.xml	obj	G_b0002	optimal	0.921948
fbc_curation_matlab-main/src/fbc_curation/examples/models/iJR904.xml	obj	G_b1262	optimal	-0.000000
fbc_curation_matlab-main/src/fbc_curation/examples/models/iJR904.xml	obj	G_b2925	optimal	0.921948
fbc_curation_matlab-main/src/fbc_curation/examples/models/iJR904.xml	obj	G_b3770	optimal	-0.000000
fbc_curation_matlab-main/src/fbc_curation/examples/models/iJR904.xml	obj	G_b0401	optimal	0.921948
fbc_curation_matlab-main/src/fbc_curation/examples/models/iJR904.xml	obj	G_b4232	optimal	0.921948
fbc_curation_matlab-main/src/fbc_curation/examples/models/iJR904.xml	obj	G_b3940	optimal	0.921948
fbc_curation_matlab-main/src/fbc_curation/examples/models/iJR904.xml	obj	G_b2508	optimal	-0.000000
fbc_curation_matlab-main/src/fbc_curation/examples/models/iJR904.xml	obj	G_b2574	optimal	-0.000000
fbc_curation_matlab-main/src/fbc_curation/examples/models/iJR904.xml	obj	G_b2802	optimal	0.921948
fbc_curation_matlab-main/src/fbc_curation/examples/models/iJR904.xml	obj	G_b3161	optimal	0.921948
fbc_curation_matlab-main/src/fbc_curation/examples/models/iJR904.xml	obj	G_b2803	optimal	0.921948
fbc_curation_matlab-main/src/fbc_curation/examples/models/iJR904.xml	obj	G_b2889	optimal	0.921948
fbc_curation_matlab-main/src/fbc_curation/examples/models/iJR904.xml	obj	G_b2800	optimal	0.921948
fbc_curation_matlab-main/src/fbc_curation/examples/models/iJR904.xml	obj	G_b4139	optimal	0.921948
fbc_curation_matlab-main/src/fbc_curation/examples/models/iJR904.xml	obj	G_b0073	optimal	-0.000000
fbc_curation_matlab-main/src/fbc_curation/examples/models/iJR904.xml	obj	G_b0928	optimal	0.000000
fbc_curation_matlab-main/src/fbc_curation/examples/models/iJR904.xml	obj	G_b0072	optimal	-0.000000
fbc_curation_matlab-main/src/fbc_curation/examples/models/iJR904.xml	obj	G_b2738	optimal	0.921948
fbc_curation_matlab-main/src/fbc_curation/examples/models/iJR904.xml	obj	G_b0071	optimal	-0.000000
fbc_curation_matlab-main/src/fbc_curation/examples/models/iJR904.xml	obj	G_b0655	optimal	0.921948
fbc_curation_matlab-main/src/fbc_curation/examples/models/iJR904.xml	obj	G_b0475	optimal	0.921948
fbc_curation_matlab-main/src/fbc_curation/examples/models/iJR904.xml	obj	G_b0074	optimal	-0.000000
fbc_curation_matlab-main/src/fbc_curation/examples/models/iJR904.xml	obj	G_b0918	optimal	0.000000
fbc_curation_matlab-main/src/fbc_curation/examples/models/iJR904.xml	obj	G_b0653	optimal	0.921948
fbc_curation_matlab-main/src/fbc_curation/examples/models/iJR904.xml	obj	G_b0654	optimal	0.921948
fbc_curation_matlab-main/src/fbc_curation/examples/models/iJR904.xml	obj	G_b1215	optimal	0.000000
fbc_curation_matlab-main/src/fbc_curation/examples/models/iJR904.xml	obj	G_b0652	optimal	0.921948
fbc_curation_matlab-main/src/fbc_curation/examples/models/iJR904.xml	obj	G_b1476	optimal	0.921948
fbc_curation_matlab-main/src/fbc_curation/examples/models/iJR904.xml	obj	G_b4196	optimal	0.921948
fbc_curation_matlab-main/src/fbc_curation/examples/models/iJR904.xml	obj	G_b4077	optimal	0.921948
fbc_curation_matlab-main/src/fbc_curation/examples/models/iJR904.xml	obj	G_b3581	optimal	0.921948
fbc_curation_matlab-main/src/fbc_curation/examples/models/iJR904.xml	obj	G_b3528	optimal	0.921948
fbc_curation_matlab-main/src/fbc_curation/examples/models/iJR904.xml	obj	G_b3892	optimal	0.921948
fbc_curation_matlab-main/src/fbc_curation/examples/models/iJR904.xml	obj	G_b1475	optimal	0.921948
fbc_curation_matlab-main/src/fbc_curation/examples/models/iJR904.xml	obj	G_b3894	optimal	0.921948
fbc_curation_matlab-main/src/fbc_curation/examples/models/iJR904.xml	obj	G_b0696	optimal	0.921948
fbc_curation_matlab-main/src/fbc_curation/examples/models/iJR904.xml	obj	G_b1474	optimal	0.921948
fbc_curation_matlab-main/src/fbc_curation/examples/models/iJR904.xml	obj	G_b0697	optimal	0.921948
fbc_curation_matlab-main/src/fbc_curation/examples/models/iJR904.xml	obj	G_b4138	optimal	0.921948
fbc_curation_matlab-main/src/fbc_curation/examples/models/iJR904.xml	obj	G_b0698	optimal	0.921948
fbc_curation_matlab-main/src/fbc_curation/examples/models/iJR904.xml	obj	G_b4079	optimal	0.921948
fbc_curation_matlab-main/src/fbc_curation/examples/models/iJR904.xml	obj	G_b1363	optimal	0.921948
fbc_curation_matlab-main/src/fbc_curation/examples/models/iJR904.xml	obj	G_b3893	optimal	0.921948
fbc_curation_matlab-main/src/fbc_curation/examples/models/iJR904.xml	obj	G_b4123	optimal	0.921948
fbc_curation_matlab-main/src/fbc_curation/examples/models/iJR904.xml	obj	G_b3849	optimal	0.921948
fbc_curation_matlab-main/src/fbc_curation/examples/models/iJR904.xml	obj	G_b1747	optimal	0.921948
fbc_curation_matlab-main/src/fbc_curation/examples/models/iJR904.xml	obj	G_b3409	optimal	0.921948
fbc_curation_matlab-main/src/fbc_curation/examples/models/iJR904.xml	obj	G_b0344	optimal	0.921948
fbc_curation_matlab-main/src/fbc_curation/examples/models/iJR904.xml	obj	G_b2132	optimal	0.921948
fbc_curation_matlab-main/src/fbc_curation/examples/models/iJR904.xml	obj	G_b2719	optimal	0.921948
fbc_curation_matlab-main/src/fbc_curation/examples/models/iJR904.xml	obj	G_b2019	optimal	0.000000
fbc_curation_matlab-main/src/fbc_curation/examples/models/iJR904.xml	obj	G_b3588	optimal	0.921948
fbc_curation_matlab-main/src/fbc_curation/examples/models/iJR904.xml	obj	G_b3737	optimal	0.362359
fbc_curation_matlab-main/src/fbc_curation/examples/models/iJR904.xml	obj	G_b2720	optimal	0.921948
fbc_curation_matlab-main/src/fbc_curation/examples/models/iJR904.xml	obj	G_b2799	optimal	0.921948
fbc_curation_matlab-main/src/fbc_curation/examples/models/iJR904.xml	obj	G_b2722	optimal	0.921948
fbc_curation_matlab-main/src/fbc_curation/examples/models/iJR904.xml	obj	G_b3736	optimal	0.362359
fbc_curation_matlab-main/src/fbc_curation/examples/models/iJR904.xml	obj	G_b0343	optimal	0.921948
fbc_curation_matlab-main/src/fbc_curation/examples/models/iJR904.xml	obj	G_b3738	optimal	0.362359
fbc_curation_matlab-main/src/fbc_curation/examples/models/iJR904.xml	obj	G_b3735	optimal	0.362359
fbc_curation_matlab-main/src/fbc_curation/examples/models/iJR904.xml	obj	G_b2723	optimal	0.921948
fbc_curation_matlab-main/src/fbc_curation/examples/models/iJR904.xml	obj	G_b1380	optimal	0.921948
fbc_curation_matlab-main/src/fbc_curation/examples/models/iJR904.xml	obj	G_b2724	optimal	0.921948
fbc_curation_matlab-main/src/fbc_curation/examples/models/iJR904.xml	obj	G_b3732	optimal	0.362359
fbc_curation_matlab-main/src/fbc_curation/examples/models/iJR904.xml	obj	G_b2133	optimal	0.921948
fbc_curation_matlab-main/src/fbc_curation/examples/models/iJR904.xml	obj	G_b3734	optimal	0.362359
fbc_curation_matlab-main/src/fbc_curation/examples/models/iJR904.xml	obj	G_b2721	optimal	0.921948
fbc_curation_matlab-main/src/fbc_curation/examples/models/iJR904.xml	obj	G_b0025	optimal	-0.000000
fbc_curation_matlab-main/src/fbc_curation/examples/models/iJR904.xml	obj	G_b4054	optimal	0.921948
fbc_curation_matlab-main/src/fbc_curation/examples/models/iJR904.xml	obj	G_b3733	optimal	0.362359
fbc_curation_matlab-main/src/fbc_curation/examples/models/iJR904.xml	obj	G_b3458	optimal	0.921948
fbc_curation_matlab-main/src/fbc_curation/examples/models/iJR904.xml	obj	G_b3739	optimal	0.362359
fbc_curation_matlab-main/src/fbc_curation/examples/models/iJR904.xml	obj	G_b0904	optimal	0.921948
fbc_curation_matlab-main/src/fbc_curation/examples/models/iJR904.xml	obj	G_b1651	optimal	0.921948
fbc_curation_matlab-main/src/fbc_curation/examples/models/iJR904.xml	obj	G_b3731	optimal	0.362359
fbc_curation_matlab-main/src/fbc_curation/examples/models/iJR904.xml	obj	G_b0182	optimal	0.000000
fbc_curation_matlab-main/src/fbc_curation/examples/models/iJR904.xml	obj	G_b2492	optimal	0.921948
fbc_curation_matlab-main/src/fbc_curation/examples/models/iJR904.xml	obj	G_b3825	optimal	0.921948
fbc_curation_matlab-main/src/fbc_curation/examples/models/iJR904.xml	obj	G_b4153	optimal	0.921948
fbc_curation_matlab-main/src/fbc_curation/examples/models/iJR904.xml	obj	G_b0312	optimal	0.921948
fbc_curation_matlab-main/src/fbc_curation/examples/models/iJR904.xml	obj	G_b3622	optimal	0.000000
fbc_curation_matlab-main/src/fbc_curation/examples/models/iJR904.xml	obj	G_b4152	optimal	0.921948
fbc_curation_matlab-main/src/fbc_curation/examples/models/iJR904.xml	obj	G_b3631	optimal	0.000000
fbc_curation_matlab-main/src/fbc_curation/examples/models/iJR904.xml	obj	G_b4151	optimal	0.921948
fbc_curation_matlab-main/src/fbc_curation/examples/models/iJR904.xml	obj	G_b4154	optimal	0.921948
fbc_curation_matlab-main/src/fbc_curation/examples/models/iJR904.xml	obj	G_b3551	optimal	0.921948
fbc_curation_matlab-main/src/fbc_curation/examples/models/iJR904.xml	obj	G_b0775	optimal	0.921948
fbc_curation_matlab-main/src/fbc_curation/examples/models/iJR904.xml	obj	G_b3627	optimal	0.000000
fbc_curation_matlab-main/src/fbc_curation/examples/models/iJR904.xml	obj	G_b3626	optimal	0.000000
fbc_curation_matlab-main/src/fbc_curation/examples/models/iJR904.xml	obj	G_b3620	optimal	0.000000
fbc_curation_matlab-main/src/fbc_curation/examples/models/iJR904.xml	obj	G_b2323	optimal	-0.000000
fbc_curation_matlab-main/src/fbc_curation/examples/models/iJR904.xml	obj	G_b2168	optimal	0.921948
fbc_curation_matlab-main/src/fbc_curation/examples/models/iJR904.xml	obj	G_b3621	optimal	0.000000
fbc_curation_matlab-main/src/fbc_curation/examples/models/iJR904.xml	obj	G_b2169	optimal	0.921948
fbc_curation_matlab-main/src/fbc_curation/examples/models/iJR904.xml	obj	G_b1095	optimal	0.000000
fbc_curation_matlab-main/src/fbc_curation/examples/models/iJR904.xml	obj	G_b0186	optimal	0.921948
fbc_curation_matlab-main/src/fbc_curation/examples/models/iJR904.xml	obj	G_b2167	optimal	0.921948
fbc_curation_matlab-main/src/fbc_curation/examples/models/iJR904.xml	obj	G_b4131	optimal	0.921948
fbc_curation_matlab-main/src/fbc_curation/examples/models/iJR904.xml	obj	G_b2156	optimal	0.921948
fbc_curation_matlab-main/src/fbc_curation/examples/models/iJR904.xml	obj	G_b1232	optimal	0.921717
fbc_curation_matlab-main/src/fbc_curation/examples/models/iJR904.xml	obj	G_b3666	optimal	0.921948
fbc_curation_matlab-main/src/fbc_curation/examples/models/iJR904.xml	obj	G_b1288	optimal	0.000000
fbc_curation_matlab-main/src/fbc_curation/examples/models/iJR904.xml	obj	G_b3605	optimal	0.921948
fbc_curation_matlab-main/src/fbc_curation/examples/models/iJR904.xml	obj	G_b2801	optimal	0.921948
fbc_curation_matlab-main/src/fbc_curation/examples/models/iJR904.xml	obj	G_b3600	optimal	0.921948
fbc_curation_matlab-main/src/fbc_curation/examples/models/iJR904.xml	obj	G_b0954	optimal	0.000000
fbc_curation_matlab-main/src/fbc_curation/examples/models/iJR904.xml	obj	G_b2976	optimal	0.921948
fbc_curation_matlab-main/src/fbc_curation/examples/models/iJR904.xml	obj	G_b1093	optimal	0.000000
fbc_curation_matlab-main/src/fbc_curation/examples/models/iJR904.xml	obj	G_b1612	optimal	0.921948
fbc_curation_matlab-main/src/fbc_curation/examples/models/iJR904.xml	obj	G_b4014	optimal	0.921948
fbc_curation_matlab-main/src/fbc_curation/examples/models/iJR904.xml	obj	G_b1611	optimal	0.921948
fbc_curation_matlab-main/src/fbc_curation/examples/models/iJR904.xml	obj	G_b4035	optimal	0.921948
fbc_curation_matlab-main/src/fbc_curation/examples/models/iJR904.xml	obj	G_b4122	optimal	0.921948
fbc_curation_matlab-main/src/fbc_curation/examples/models/iJR904.xml	obj	G_b0180	optimal	0.000000
fbc_curation_matlab-main/src/fbc_curation/examples/models/iJR904.xml	obj	G_b4036	optimal	0.921948
fbc_curation_matlab-main/src/fbc_curation/examples/models/iJR904.xml	obj	G_b4132	optimal	0.921948
fbc_curation_matlab-main/src/fbc_curation/examples/models/iJR904.xml	obj	G_b0621	optimal	0.921948
fbc_curation_matlab-main/src/fbc_curation/examples/models/iJR904.xml	obj	G_b4033	optimal	0.921948
fbc_curation_matlab-main/src/fbc_curation/examples/models/iJR904.xml	obj	G_b3942	optimal	0.921948
fbc_curation_matlab-main/src/fbc_curation/examples/models/iJR904.xml	obj	G_b3730	optimal	0.000000
fbc_curation_matlab-main/src/fbc_curation/examples/models/iJR904.xml	obj	G_b4034	optimal	0.921948
fbc_curation_matlab-main/src/fbc_curation/examples/models/iJR904.xml	obj	G_b4032	optimal	0.921948
fbc_curation_matlab-main/src/fbc_curation/examples/models/iJR904.xml	obj	G_b1002	optimal	0.921948
fbc_curation_matlab-main/src/fbc_curation/examples/models/iJR904.xml	obj	G_b1732	optimal	0.921948
fbc_curation_matlab-main/src/fbc_curation/examples/models/iJR904.xml	obj	G_b2049	optimal	0.921948
fbc_curation_matlab-main/src/fbc_curation/examples/models/iJR904.xml	obj	G_b1270	optimal	0.921948
fbc_curation_matlab-main/src/fbc_curation/examples/models/iJR904.xml	obj	G_b3789	optimal	0.921948
fbc_curation_matlab-main/src/fbc_curation/examples/models/iJR904.xml	obj	G_b1613	optimal	0.921948
fbc_curation_matlab-main/src/fbc_curation/examples/models/iJR904.xml	obj	G_b1709	optimal	0.921948
fbc_curation_matlab-main/src/fbc_curation/examples/models/iJR904.xml	obj	G_b4323	optimal	0.921948
fbc_curation_matlab-main/src/fbc_curation/examples/models/iJR904.xml	obj	G_b3966	optimal	0.921948
fbc_curation_matlab-main/src/fbc_curation/examples/models/iJR904.xml	obj	G_b0158	optimal	0.921948
fbc_curation_matlab-main/src/fbc_curation/examples/models/iJR904.xml	obj	G_b2039	optimal	0.921948
fbc_curation_matlab-main/src/fbc_curation/examples/models/iJR904.xml	obj	G_b0334	optimal	0.921948
fbc_curation_matlab-main/src/fbc_curation/examples/models/iJR904.xml	obj	G_b0331	optimal	0.921948
fbc_curation_matlab-main/src/fbc_curation/examples/models/iJR904.xml	obj	G_b0154	optimal	0.921948
fbc_curation_matlab-main/src/fbc_curation/examples/models/iJR904.xml	obj	G_b3608	optimal	0.000000
fbc_curation_matlab-main/src/fbc_curation/examples/models/iJR904.xml	obj	G_b1711	optimal	0.921948
fbc_curation_matlab-main/src/fbc_curation/examples/models/iJR904.xml	obj	G_b0333	optimal	0.921948
fbc_curation_matlab-main/src/fbc_curation/examples/models/iJR904.xml	obj	G_b0521	optimal	0.921948
fbc_curation_matlab-main/src/fbc_curation/examples/models/iJR904.xml	obj	G_b2242	optimal	0.921948
fbc_curation_matlab-main/src/fbc_curation/examples/models/iJR904.xml	obj	G_b1092	optimal	0.000000
fbc_curation_matlab-main/src/fbc_curation/examples/models/iJR904.xml	obj	G_b3236	optimal	0.881461
fbc_curation_matlab-main/src/fbc_curation/examples/models/iJR904.xml	obj	G_b3426	optimal	0.921948
fbc_curation_matlab-main/src/fbc_curation/examples/models/iJR904.xml	obj	G_b2874	optimal	0.921948
fbc_curation_matlab-main/src/fbc_curation/examples/models/iJR904.xml	obj	G_b2210	optimal	0.921948
fbc_curation_matlab-main/src/fbc_curation/examples/models/iJR904.xml	obj	G_b2241	optimal	0.921948
fbc_curation_matlab-main/src/fbc_curation/examples/models/iJR904.xml	obj	G_b2243	optimal	0.921948
fbc_curation_matlab-main/src/fbc_curation/examples/models/iJR904.xml	obj	G_b1479	optimal	0.921948
fbc_curation_matlab-main/src/fbc_curation/examples/models/iJR904.xml	obj	G_b0323	optimal	0.921948
fbc_curation_matlab-main/src/fbc_curation/examples/models/iJR904.xml	obj	G_b2463	optimal	0.921948
fbc_curation_matlab-main/src/fbc_curation/examples/models/iJR904.xml	obj	G_b0033	optimal	0.921948
fbc_curation_matlab-main/src/fbc_curation/examples/models/iJR904.xml	obj	G_b0243	optimal	0.921054
fbc_curation_matlab-main/src/fbc_curation/examples/models/iJR904.xml	obj	G_b2515	optimal	0.921948
fbc_curation_matlab-main/src/fbc_curation/examples/models/iJR904.xml	obj	G_b0678	optimal	0.921948
fbc_curation_matlab-main/src/fbc_curation/examples/models/iJR904.xml	obj	G_b0032	optimal	0.921948
fbc_curation_matlab-main/src/fbc_curation/examples/models/iJR904.xml	obj	G_b2746	optimal	0.921948
fbc_curation_matlab-main/src/fbc_curation/examples/models/iJR904.xml	obj	G_b3918	optimal	0.921948
fbc_curation_matlab-main/src/fbc_curation/examples/models/iJR904.xml	obj	G_b1852	optimal	0.901493
fbc_curation_matlab-main/src/fbc_curation/examples/models/iJR904.xml	obj	G_b3128	optimal	0.921948
fbc_curation_matlab-main/src/fbc_curation/examples/models/iJR904.xml	obj	G_b4120	optimal	0.921948
fbc_curation_matlab-main/src/fbc_curation/examples/models/iJR904.xml	obj	G_b1208	optimal	0.921948
fbc_curation_matlab-main/src/fbc_curation/examples/models/iJR904.xml	obj	G_b2747	optimal	0.921948
fbc_curation_matlab-main/src/fbc_curation/examples/models/iJR904.xml	obj	G_b2128	optimal	0.921948
fbc_curation_matlab-main/src/fbc_curation/examples/models/iJR904.xml	obj	G_b3691	optimal	0.921948
fbc_curation_matlab-main/src/fbc_curation/examples/models/iJR904.xml	obj	G_b3127	optimal	0.921948
fbc_curation_matlab-main/src/fbc_curation/examples/models/iJR904.xml	obj	G_b2942	optimal	0.000000
fbc_curation_matlab-main/src/fbc_curation/examples/models/iJR904.xml	obj	G_b0198	optimal	0.921948
fbc_curation_matlab-main/src/fbc_curation/examples/models/iJR904.xml	obj	G_b0757	optimal	0.921948
fbc_curation_matlab-main/src/fbc_curation/examples/models/iJR904.xml	obj	G_b2130	optimal	0.921948
fbc_curation_matlab-main/src/fbc_curation/examples/models/iJR904.xml	obj	G_b0199	optimal	0.921948
fbc_curation_matlab-main/src/fbc_curation/examples/models/iJR904.xml	obj	G_b2131	optimal	0.921948
fbc_curation_matlab-main/src/fbc_curation/examples/models/iJR904.xml	obj	G_b0197	optimal	0.921948
fbc_curation_matlab-main/src/fbc_curation/examples/models/iJR904.xml	obj	G_b3829	optimal	0.921948
fbc_curation_matlab-main/src/fbc_curation/examples/models/iJR904.xml	obj	G_b2045	optimal	0.921948
fbc_curation_matlab-main/src/fbc_curation/examples/models/iJR904.xml	obj	G_b4019	optimal	0.921948
fbc_curation_matlab-main/src/fbc_curation/examples/models/iJR904.xml	obj	G_b4119	optimal	0.921948
fbc_curation_matlab-main/src/fbc_curation/examples/models/iJR904.xml	obj	G_b2129	optimal	0.921948
fbc_curation_matlab-main/src/fbc_curation/examples/models/iJR904.xml	obj	G_b0963	optimal	0.921948
fbc_curation_matlab-main/src/fbc_curation/examples/models/iJR904.xml	obj	G_b1801	optimal	0.921948
fbc_curation_matlab-main/src/fbc_curation/examples/models/iJR904.xml	obj	G_b0314	optimal	0.921948
fbc_curation_matlab-main/src/fbc_curation/examples/models/iJR904.xml	obj	G_b2533	optimal	0.921948
fbc_curation_matlab-main/src/fbc_curation/examples/models/iJR904.xml	obj	G_b2599	optimal	0.000000
fbc_curation_matlab-main/src/fbc_curation/examples/models/iJR904.xml	obj	G_b2600	optimal	0.000000
fbc_curation_matlab-main/src/fbc_curation/examples/models/iJR904.xml	obj	G_b2092	optimal	0.921948
fbc_curation_matlab-main/src/fbc_curation/examples/models/iJR904.xml	obj	G_b2093	optimal	0.921948
fbc_curation_matlab-main/src/fbc_curation/examples/models/iJR904.xml	obj	G_b0403	optimal	0.921948
fbc_curation_matlab-main/src/fbc_curation/examples/models/iJR904.xml	obj	G_b2094	optimal	0.921948
fbc_curation_matlab-main/src/fbc_curation/examples/models/iJR904.xml	obj	G_b1236	optimal	0.921948
fbc_curation_matlab-main/src/fbc_curation/examples/models/iJR904.xml	obj	G_b2919	optimal	0.921948
fbc_curation_matlab-main/src/fbc_curation/examples/models/iJR904.xml	obj	G_b3093	optimal	0.921948
fbc_curation_matlab-main/src/fbc_curation/examples/models/iJR904.xml	obj	G_b2042	optimal	0.921948
fbc_curation_matlab-main/src/fbc_curation/examples/models/iJR904.xml	obj	G_b2329	optimal	0.000000
fbc_curation_matlab-main/src/fbc_curation/examples/models/iJR904.xml	obj	G_b4039	optimal	0.921948
fbc_curation_matlab-main/src/fbc_curation/examples/models/iJR904.xml	obj	G_b2540	optimal	0.921948
fbc_curation_matlab-main/src/fbc_curation/examples/models/iJR904.xml	obj	G_b2149	optimal	0.921948
fbc_curation_matlab-main/src/fbc_curation/examples/models/iJR904.xml	obj	G_b2917	optimal	0.921948
fbc_curation_matlab-main/src/fbc_curation/examples/models/iJR904.xml	obj	G_b2150	optimal	0.921948
fbc_curation_matlab-main/src/fbc_curation/examples/models/iJR904.xml	obj	G_b2542	optimal	0.921948
fbc_curation_matlab-main/src/fbc_curation/examples/models/iJR904.xml	obj	G_b2538	optimal	0.921948
fbc_curation_matlab-main/src/fbc_curation/examples/models/iJR904.xml	obj	G_b3599	optimal	0.921948
fbc_curation_matlab-main/src/fbc_curation/examples/models/iJR904.xml	obj	G_b2539	optimal	0.921948
fbc_curation_matlab-main/src/fbc_curation/examples/models/iJR904.xml	obj	G_b2148	optimal	0.921948
fbc_curation_matlab-main/src/fbc_curation/examples/models/iJR904.xml	obj	G_b4322	optimal	0.921948
fbc_curation_matlab-main/src/fbc_curation/examples/models/iJR904.xml	obj	G_b2943	optimal	0.921948
fbc_curation_matlab-main/src/fbc_curation/examples/models/iJR904.xml	obj	G_b3633	optimal	0.000000
fbc_curation_matlab-main/src/fbc_curation/examples/models/iJR904.xml	obj	G_b1779	optimal	0.921948
fbc_curation_matlab-main/src/fbc_curation/examples/models/iJR904.xml	obj	G_b0617	optimal	0.921948
fbc_curation_matlab-main/src/fbc_curation/examples/models/iJR904.xml	obj	G_b0134	infeasible	NaN
fbc_curation_matlab-main/src/fbc_curation/examples/models/iJR904.xml	obj	G_b1416	optimal	0.921948
fbc_curation_matlab-main/src/fbc_curation/examples/models/iJR904.xml	obj	G_b0529	optimal	0.895813
fbc_curation_matlab-main/src/fbc_curation/examples/models/iJR904.xml	obj	G_b1417	optimal	0.921948
fbc_curation_matlab-main/src/fbc_curation/examples/models/iJR904.xml	obj	G_b0615	optimal	0.921948
fbc_curation_matlab-main/src/fbc_curation/examples/models/iJR904.xml	obj	G_b0616	optimal	0.921948
fbc_curation_matlab-main/src/fbc_curation/examples/models/iJR904.xml	obj	G_b3941	optimal	0.000000
fbc_curation_matlab-main/src/fbc_curation/examples/models/iJR904.xml	obj	G_b0612	optimal	0.921948
fbc_curation_matlab-main/src/fbc_curation/examples/models/iJR904.xml	obj	G_b2500	optimal	0.919577
fbc_curation_matlab-main/src/fbc_curation/examples/models/iJR904.xml	obj	G_b2411	optimal	0.921948
fbc_curation_matlab-main/src/fbc_curation/examples/models/iJR904.xml	obj	G_b1109	optimal	0.921948
fbc_curation_matlab-main/src/fbc_curation/examples/models/iJR904.xml	obj	G_b1415	optimal	0.000000
fbc_curation_matlab-main/src/fbc_curation/examples/models/iJR904.xml	obj	G_b1249	optimal	0.000000
fbc_curation_matlab-main/src/fbc_curation/examples/models/iJR904.xml	obj	G_b2286	optimal	0.660636
fbc_curation_matlab-main/src/fbc_curation/examples/models/iJR904.xml	obj	G_b2436	optimal	0.921948
fbc_curation_matlab-main/src/fbc_curation/examples/models/iJR904.xml	obj	G_b2052	optimal	0.921948
fbc_curation_matlab-main/src/fbc_curation/examples/models/iJR904.xml	obj	G_b3729	optimal	-0.000000
fbc_curation_matlab-main/src/fbc_curation/examples/models/iJR904.xml	obj	G_b2278	optimal	0.660636
fbc_curation_matlab-main/src/fbc_curation/examples/models/iJR904.xml	obj	G_b0124	optimal	0.921948
fbc_curation_matlab-main/src/fbc_curation/examples/models/iJR904.xml	obj	G_b0038	optimal	0.921948
fbc_curation_matlab-main/src/fbc_curation/examples/models/iJR904.xml	obj	G_b2288	optimal	0.660636
fbc_curation_matlab-main/src/fbc_curation/examples/models/iJR904.xml	obj	G_b2283	optimal	0.660636
fbc_curation_matlab-main/src/fbc_curation/examples/models/iJR904.xml	obj	G_b4321	optimal	0.921948
fbc_curation_matlab-main/src/fbc_curation/examples/models/iJR904.xml	obj	G_b2279	optimal	0.660636
fbc_curation_matlab-main/src/fbc_curation/examples/models/iJR904.xml	obj	G_b0036	optimal	0.921948
fbc_curation_matlab-main/src/fbc_curation/examples/models/iJR904.xml	obj	G_b2285	optimal	0.660636
fbc_curation_matlab-main/src/fbc_curation/examples/models/iJR904.xml	obj	G_b0040	optimal	0.921948
fbc_curation_matlab-main/src/fbc_curation/examples/models/iJR904.xml	obj	G_b3415	optimal	0.921948
fbc_curation_matlab-main/src/fbc_curation/examples/models/iJR904.xml	obj	G_b2280	optimal	0.660636
fbc_curation_matlab-main/src/fbc_curation/examples/models/iJR904.xml	obj	G_b4265	optimal	0.921948
fbc_curation_matlab-main/src/fbc_curation/examples/models/iJR904.xml	obj	G_b0720	optimal	0.000000
fbc_curation_matlab-main/src/fbc_curation/examples/models/iJR904.xml	obj	G_b2277	optimal	0.660636
fbc_curation_matlab-main/src/fbc_curation/examples/models/iJR904.xml	obj	G_b2281	optimal	0.660636
fbc_curation_matlab-main/src/fbc_curation/examples/models/iJR904.xml	obj	G_b0337	optimal	0.921948
fbc_curation_matlab-main/src/fbc_curation/examples/models/iJR904.xml	obj	G_b2284	optimal	0.660636
fbc_curation_matlab-main/src/fbc_curation/examples/models/iJR904.xml	obj	G_b0336	optimal	0.921948
fbc_curation_matlab-main/src/fbc_curation/examples/models/iJR904.xml	obj	G_b3428	optimal	0.921948
fbc_curation_matlab-main/src/fbc_curation/examples/models/iJR904.xml	obj	G_b2287	optimal	0.660636
fbc_curation_matlab-main/src/fbc_curation/examples/models/iJR904.xml	obj	G_b3417	optimal	0.921948
fbc_curation_matlab-main/src/fbc_curation/examples/models/iJR904.xml	obj	G_b2276	optimal	0.660636
fbc_curation_matlab-main/src/fbc_curation/examples/models/iJR904.xml	obj	G_b3126	optimal	0.921948
fbc_curation_matlab-main/src/fbc_curation/examples/models/iJR904.xml	obj	G_b2787	optimal	0.921948
fbc_curation_matlab-main/src/fbc_curation/examples/models/iJR904.xml	obj	G_b2780	optimal	-0.000000
fbc_curation_matlab-main/src/fbc_curation/examples/models/iJR904.xml	obj	G_b3425	optimal	0.921948
fbc_curation_matlab-main/src/fbc_curation/examples/models/iJR904.xml	obj	G_b2282	optimal	0.660636
fbc_curation_matlab-main/src/fbc_curation/examples/models/iJR904.xml	obj	G_b0340	optimal	0.921948
fbc_curation_matlab-main/src/fbc_curation/examples/models/iJR904.xml	obj	G_b2615	optimal	0.000000
fbc_curation_matlab-main/src/fbc_curation/examples/models/iJR904.xml	obj	G_b0341	optimal	0.921948
fbc_curation_matlab-main/src/fbc_curation/examples/models/iJR904.xml	obj	G_b2788	optimal	0.921948
fbc_curation_matlab-main/src/fbc_curation/examples/models/iJR904.xml	obj	G_b2789	optimal	0.921948
fbc_curation_matlab-main/src/fbc_curation/examples/models/iJR904.xml	obj	G_b1740	optimal	-0.000000
fbc_curation_matlab-main/src/fbc_curation/examples/models/iJR904.xml	obj	G_b3429	optimal	0.000000
fbc_curation_matlab-main/src/fbc_curation/examples/models/iJR904.xml	obj	G_b3708	optimal	0.921666
fbc_curation_matlab-main/src/fbc_curation/examples/models/iJR904.xml	obj	G_b2414	optimal	0.921948
fbc_curation_matlab-main/src/fbc_curation/examples/models/iJR904.xml	obj	G_b1602	optimal	0.921948
fbc_curation_matlab-main/src/fbc_curation/examples/models/iJR904.xml	obj	G_b2421	optimal	0.921948
fbc_curation_matlab-main/src/fbc_curation/examples/models/iJR904.xml	obj	G_b1622	optimal	0.921948
fbc_curation_matlab-main/src/fbc_curation/examples/models/iJR904.xml	obj	G_b1621	optimal	0.921948
fbc_curation_matlab-main/src/fbc_curation/examples/models/iJR904.xml	obj	G_b3430	optimal	0.000000
fbc_curation_matlab-main/src/fbc_curation/examples/models/iJR904.xml	obj	G_b3962	optimal	0.921948
fbc_curation_matlab-main/src/fbc_curation/examples/models/iJR904.xml	obj	G_b1603	optimal	0.921948
fbc_curation_matlab-main/src/fbc_curation/examples/models/iJR904.xml	obj	G_b3870	optimal	0.921948
fbc_curation_matlab-main/src/fbc_curation/examples/models/iJR904.xml	obj	G_b3008	optimal	0.921948
fbc_curation_matlab-main/src/fbc_curation/examples/models/iJR904.xml	obj	G_b0931	optimal	0.921948
fbc_curation_matlab-main/src/fbc_curation/examples/models/iJR904.xml	obj	G_b1297	optimal	0.921948
fbc_curation_matlab-main/src/fbc_curation/examples/models/iJR904.xml	obj	G_b1216	optimal	0.921948
fbc_curation_matlab-main/src/fbc_curation/examples/models/iJR904.xml	obj	G_b0811	optimal	0.921948
fbc_curation_matlab-main/src/fbc_curation/examples/models/iJR904.xml	obj	G_b0734	optimal	0.921948
fbc_curation_matlab-main/src/fbc_curation/examples/models/iJR904.xml	obj	G_b1186	optimal	0.921948
fbc_curation_matlab-main/src/fbc_curation/examples/models/iJR904.xml	obj	G_b0019	optimal	0.921948
fbc_curation_matlab-main/src/fbc_curation/examples/models/iJR904.xml	obj	G_b0733	optimal	0.921948
fbc_curation_matlab-main/src/fbc_curation/examples/models/iJR904.xml	obj	G_b0810	optimal	0.921948
fbc_curation_matlab-main/src/fbc_curation/examples/models/iJR904.xml	obj	G_b2518	optimal	0.000000
fbc_curation_matlab-main/src/fbc_curation/examples/models/iJR904.xml	obj	G_b0809	optimal	0.921948
fbc_curation_matlab-main/src/fbc_curation/examples/models/iJR904.xml	obj	G_b2091	optimal	0.921948
fbc_curation_matlab-main/src/fbc_curation/examples/models/iJR904.xml	obj	G_b0429	optimal	0.873973
fbc_curation_matlab-main/src/fbc_curation/examples/models/iJR904.xml	obj	G_b0451	optimal	-0.000000
fbc_curation_matlab-main/src/fbc_curation/examples/models/iJR904.xml	obj	G_b0432	optimal	0.873973
fbc_curation_matlab-main/src/fbc_curation/examples/models/iJR904.xml	obj	G_b0431	optimal	0.873973
fbc_curation_matlab-main/src/fbc_curation/examples/models/iJR904.xml	obj	G_b0242	optimal	0.921054
fbc_curation_matlab-main/src/fbc_curation/examples/models/iJR904.xml	obj	G_b1492	optimal	0.921948
fbc_curation_matlab-main/src/fbc_curation/examples/models/iJR904.xml	obj	G_b0639	optimal	-0.000000
fbc_curation_matlab-main/src/fbc_curation/examples/models/iJR904.xml	obj	G_b0751	optimal	0.921948
fbc_curation_matlab-main/src/fbc_curation/examples/models/iJR904.xml	obj	G_b2688	optimal	0.921948
fbc_curation_matlab-main/src/fbc_curation/examples/models/iJR904.xml	obj	G_b1768	optimal	0.921948
fbc_curation_matlab-main/src/fbc_curation/examples/models/iJR904.xml	obj	G_b1746	optimal	0.921948
fbc_curation_matlab-main/src/fbc_curation/examples/models/iJR904.xml	obj	G_b1991	optimal	0.921948
fbc_curation_matlab-main/src/fbc_curation/examples/models/iJR904.xml	obj	G_b3517	optimal	0.921948
fbc_curation_matlab-main/src/fbc_curation/examples/models/iJR904.xml	obj	G_b0109	optimal	-0.000000
fbc_curation_matlab-main/src/fbc_curation/examples/models/iJR904.xml	obj	G_b1223	optimal	0.921948
fbc_curation_matlab-main/src/fbc_curation/examples/models/iJR904.xml	obj	G_b1493	optimal	0.921948
fbc_curation_matlab-main/src/fbc_curation/examples/models/iJR904.xml	obj	G_b3368	optimal	0.921948
fbc_curation_matlab-main/src/fbc_curation/examples/models/iJR904.xml	obj	G_b3367	optimal	0.921948
fbc_curation_matlab-main/src/fbc_curation/examples/models/iJR904.xml	obj	G_b1226	optimal	0.921948
fbc_curation_matlab-main/src/fbc_curation/examples/models/iJR904.xml	obj	G_b3281	optimal	0.921948
fbc_curation_matlab-main/src/fbc_curation/examples/models/iJR904.xml	obj	G_b1761	optimal	0.852980
fbc_curation_matlab-main/src/fbc_curation/examples/models/iJR904.xml	obj	G_b1227	optimal	0.921948
fbc_curation_matlab-main/src/fbc_curation/examples/models/iJR904.xml	obj	G_b1224	optimal	0.921948
fbc_curation_matlab-main/src/fbc_curation/examples/models/iJR904.xml	obj	G_b1225	optimal	0.921948
fbc_curation_matlab-main/src/fbc_curation/examples/models/iJR904.xml	obj	G_b1469	optimal	0.921948
fbc_curation_matlab-main/src/fbc_curation/examples/models/iJR904.xml	obj	G_b0485	optimal	0.921948
fbc_curation_matlab-main/src/fbc_curation/examples/models/iJR904.xml	obj	G_b2262	optimal	0.921948
fbc_curation_matlab-main/src/fbc_curation/examples/models/iJR904.xml	obj	G_b1524	optimal	0.921948
fbc_curation_matlab-main/src/fbc_curation/examples/models/iJR904.xml	obj	G_b1692	optimal	0.921948
fbc_curation_matlab-main/src/fbc_curation/examples/models/iJR904.xml	obj	G_b3390	optimal	0.921948
fbc_curation_matlab-main/src/fbc_curation/examples/models/iJR904.xml	obj	G_b0480	optimal	0.000000
fbc_curation_matlab-main/src/fbc_curation/examples/models/iJR904.xml	obj	G_b0388	optimal	0.921948
fbc_curation_matlab-main/src/fbc_curation/examples/models/iJR904.xml	obj	G_b2312	optimal	-0.000000
fbc_curation_matlab-main/src/fbc_curation/examples/models/iJR904.xml	obj	G_b3939	optimal	0.000000
fbc_curation_matlab-main/src/fbc_curation/examples/models/iJR904.xml	obj	G_b2781	optimal	0.921948
fbc_curation_matlab-main/src/fbc_curation/examples/models/iJR904.xml	obj	G_b1745	optimal	0.921948
fbc_curation_matlab-main/src/fbc_curation/examples/models/iJR904.xml	obj	G_b0160	optimal	0.921948
fbc_curation_matlab-main/src/fbc_curation/examples/models/iJR904.xml	obj	G_b3366	optimal	0.921948
fbc_curation_matlab-main/src/fbc_curation/examples/models/iJR904.xml	obj	G_b3365	optimal	0.921948
fbc_curation_matlab-main/src/fbc_curation/examples/models/iJR904.xml	obj	G_b1584	optimal	0.921948
fbc_curation_matlab-main/src/fbc_curation/examples/models/iJR904.xml	obj	G_b3114	optimal	0.921948
fbc_curation_matlab-main/src/fbc_curation/examples/models/iJR904.xml	obj	G_b0121	optimal	0.000000
fbc_curation_matlab-main/src/fbc_curation/examples/models/iJR904.xml	obj	G_b0902	optimal	0.921948
fbc_curation_matlab-main/src/fbc_curation/examples/models/iJR904.xml	obj	G_b0903	optimal	0.921948
fbc_curation_matlab-main/src/fbc_curation/examples/models/iJR904.xml	obj	G_b1646	optimal	0.921948
fbc_curation_matlab-main/src/fbc_curation/examples/models/iJR904.xml	obj	G_b4254	optimal	0.921948
fbc_curation_matlab-main/src/fbc_curation/examples/models/iJR904.xml	obj	G_b1656	optimal	0.921948
fbc_curation_matlab-main/src/fbc_curation/examples/models/iJR904.xml	obj	G_b0273	optimal	0.921948
fbc_curation_matlab-main/src/fbc_curation/examples/models/iJR904.xml	obj	G_b3908	optimal	0.921948
fbc_curation_matlab-main/src/fbc_curation/examples/models/iJR904.xml	obj	G_b3187	optimal	0.921948
fbc_curation_matlab-main/src/fbc_curation/examples/models/iJR904.xml	obj	G_b2661	optimal	0.921948
fbc_curation_matlab-main/src/fbc_curation/examples/models/iJR904.xml	obj	G_b0907	optimal	0.000000
fbc_curation_matlab-main/src/fbc_curation/examples/models/iJR904.xml	obj	G_b3833	optimal	0.921948
fbc_curation_matlab-main/src/fbc_curation/examples/models/iJR904.xml	obj	G_b2260	optimal	0.921948
fbc_curation_matlab-main/src/fbc_curation/examples/models/iJR904.xml	obj	G_b2261	optimal	0.921948
fbc_curation_matlab-main/src/fbc_curation/examples/models/iJR904.xml	obj	G_b0662	optimal	0.921948
fbc_curation_matlab-main/src/fbc_curation/examples/models/iJR904.xml	obj	G_b1281	optimal	-0.000000
fbc_curation_matlab-main/src/fbc_curation/examples/models/iJR904.xml	obj	G_b3579	optimal	0.921948
fbc_curation_matlab-main/src/fbc_curation/examples/models/iJR904.xml	obj	G_b2907	optimal	0.921948
fbc_curation_matlab-main/src/fbc_curation/examples/models/iJR904.xml	obj	G_b0723	optimal	0.873302
fbc_curation_matlab-main/src/fbc_curation/examples/models/iJR904.xml	obj	G_b0350	optimal	0.921948
fbc_curation_matlab-main/src/fbc_curation/examples/models/iJR904.xml	obj	G_b0722	optimal	0.873302
fbc_curation_matlab-main/src/fbc_curation/examples/models/iJR904.xml	obj	G_b3843	optimal	0.921948
fbc_curation_matlab-main/src/fbc_curation/examples/models/iJR904.xml	obj	G_b0724	optimal	0.873302
fbc_curation_matlab-main/src/fbc_curation/examples/models/iJR904.xml	obj	G_b2311	optimal	0.921948
fbc_curation_matlab-main/src/fbc_curation/examples/models/iJR904.xml	obj	G_b0721	optimal	0.873302
fbc_curation_matlab-main/src/fbc_curation/examples/models/iJR904.xml	obj	G_b3835	optimal	0.921948
fbc_curation_matlab-main/src/fbc_curation/examples/models/iJR904.xml	obj	G_b0728	optimal	0.910450
fbc_curation_matlab-main/src/fbc_curation/examples/models/iJR904.xml	obj	G_b0693	optimal	0.921948
fbc_curation_matlab-main/src/fbc_curation/examples/models/iJR904.xml	obj	G_b0729	optimal	0.910450
fbc_curation_matlab-main/src/fbc_curation/examples/models/iJR904.xml	obj	G_b2965	optimal	0.921948
fbc_curation_matlab-main/src/fbc_curation/examples/models/iJR904.xml	obj	G_b3073	optimal	0.921948
fbc_curation_matlab-main/src/fbc_curation/examples/models/iJR904.xml	obj	G_b2429	optimal	0.921948
fbc_curation_matlab-main/src/fbc_curation/examples/models/iJR904.xml	obj	G_b3642	optimal	-0.000000
fbc_curation_matlab-main/src/fbc_curation/examples/models/iJR904.xml	obj	G_b2264	optimal	0.921948
fbc_curation_matlab-main/src/fbc_curation/examples/models/iJR904.xml	obj	G_b2763	optimal	-0.000000
fbc_curation_matlab-main/src/fbc_curation/examples/models/iJR904.xml	obj	G_b1014	optimal	0.921948
fbc_curation_matlab-main/src/fbc_curation/examples/models/iJR904.xml	obj	G_b2764	optimal	-0.000000
fbc_curation_matlab-main/src/fbc_curation/examples/models/iJR904.xml	obj	G_b0386	optimal	0.000000
fbc_curation_matlab-main/src/fbc_curation/examples/models/iJR904.xml	obj	G_b1398	optimal	0.921948
fbc_curation_matlab-main/src/fbc_curation/examples/models/iJR904.xml	obj	G_b0133	infeasible	NaN
fbc_curation_matlab-main/src/fbc_curation/examples/models/iJR904.xml	obj	G_b2425	optimal	0.921948
fbc_curation_matlab-main/src/fbc_curation/examples/models/iJR904.xml	obj	G_b0087	optimal	0.000000
fbc_curation_matlab-main/src/fbc_curation/examples/models/iJR904.xml	obj	G_b2423	optimal	-0.000000
fbc_curation_matlab-main/src/fbc_curation/examples/models/iJR904.xml	obj	G_b2424	optimal	-0.000000
fbc_curation_matlab-main/src/fbc_curation/examples/models/iJR904.xml	obj	G_b2762	optimal	-0.000000
fbc_curation_matlab-main/src/fbc_curation/examples/models/iJR904.xml	obj	G_b3917	optimal	0.921948
fbc_curation_matlab-main/src/fbc_curation/examples/models/iJR904.xml	obj	G_b4041	optimal	0.000000
fbc_curation_matlab-main/src/fbc_curation/examples/models/iJR904.xml	obj	G_b2413	optimal	0.921948
fbc_curation_matlab-main/src/fbc_curation/examples/models/iJR904.xml	obj	G_b2422	optimal	-0.000000
fbc_curation_matlab-main/src/fbc_curation/examples/models/iJR904.xml	obj	G_b3018	optimal	0.000000
fbc_curation_matlab-main/src/fbc_curation/examples/models/iJR904.xml	obj	G_b1521	optimal	0.921948
fbc_curation_matlab-main/src/fbc_curation/examples/models/iJR904.xml	obj	G_b0115	optimal	0.892657
fbc_curation_matlab-main/src/fbc_curation/examples/models/iJR904.xml	obj	G_b2464	optimal	0.921948
fbc_curation_matlab-main/src/fbc_curation/examples/models/iJR904.xml	obj	G_b0008	optimal	0.921948
fbc_curation_matlab-main/src/fbc_curation/examples/models/iJR904.xml	obj	G_b0114	optimal	0.892657
fbc_curation_matlab-main/src/fbc_curation/examples/models/iJR904.xml	obj	G_b3061	optimal	0.921948
fbc_curation_matlab-main/src/fbc_curation/examples/models/iJR904.xml	obj	G_b1638	optimal	0.921948
fbc_curation_matlab-main/src/fbc_curation/examples/models/iJR904.xml	obj	G_b3062	optimal	0.921948
fbc_curation_matlab-main/src/fbc_curation/examples/models/iJR904.xml	obj	G_b0052	optimal	0.921948
fbc_curation_matlab-main/src/fbc_curation/examples/models/iJR904.xml	obj	G_b2564	optimal	0.921948
fbc_curation_matlab-main/src/fbc_curation/examples/models/iJR904.xml	obj	G_b3063	optimal	0.921948
fbc_curation_matlab-main/src/fbc_curation/examples/models/iJR904.xml	obj	G_b1386	optimal	0.921948
fbc_curation_matlab-main/src/fbc_curation/examples/models/iJR904.xml	obj	G_b0368	optimal	0.921948
fbc_curation_matlab-main/src/fbc_curation/examples/models/iJR904.xml	obj	G_b2320	optimal	0.921948
fbc_curation_matlab-main/src/fbc_curation/examples/models/iJR904.xml	obj	G_b0365	optimal	0.921948
fbc_curation_matlab-main/src/fbc_curation/examples/models/iJR904.xml	obj	G_b1723	optimal	0.921948
fbc_curation_matlab-main/src/fbc_curation/examples/models/iJR904.xml	obj	G_b0366	optimal	0.921948
fbc_curation_matlab-main/src/fbc_curation/examples/models/iJR904.xml	obj	G_b0367	optimal	0.921948
fbc_curation_matlab-main/src/fbc_curation/examples/models/iJR904.xml	obj	G_b3916	optimal	0.921948
fbc_curation_matlab-main/src/fbc_curation/examples/models/iJR904.xml	obj	G_b3790	optimal	0.921948
fbc_curation_matlab-main/src/fbc_curation/examples/models/iJR904.xml	obj	G_b3132	optimal	0.921948
fbc_curation_matlab-main/src/fbc_curation/examples/models/iJR904.xml	obj	G_b3791	optimal	0.921948
fbc_curation_matlab-main/src/fbc_curation/examples/models/iJR904.xml	obj	G_b2038	optimal	0.921948
fbc_curation_matlab-main/src/fbc_curation/examples/models/iJR904.xml	obj	G_b3137	optimal	0.921948
fbc_curation_matlab-main/src/fbc_curation/examples/models/iJR904.xml	obj	G_b3952	optimal	0.921948
fbc_curation_matlab-main/src/fbc_curation/examples/models/iJR904.xml	obj	G_b2040	optimal	0.921948
fbc_curation_matlab-main/src/fbc_curation/examples/models/iJR904.xml	obj	G_b3788	optimal	0.921948
fbc_curation_matlab-main/src/fbc_curation/examples/models/iJR904.xml	obj	G_b3951	optimal	0.921948
fbc_curation_matlab-main/src/fbc_curation/examples/models/iJR904.xml	obj	G_b2041	optimal	0.921948
fbc_curation_matlab-main/src/fbc_curation/examples/models/iJR904.xml	obj	G_b3176	optimal	0.000000
fbc_curation_matlab-main/src/fbc_curation/examples/models/iJR904.xml	obj	G_b0915	optimal	0.000000
fbc_curation_matlab-main/src/fbc_curation/examples/models/iJR904.xml	obj	G_b2913	optimal	-0.000000
fbc_curation_matlab-main/src/fbc_curation/examples/models/iJR904.xml	obj	G_b2095	optimal	0.921948
fbc_curation_matlab-main/src/fbc_curation/examples/models/iJR904.xml	obj	G_b2096	optimal	0.921948
fbc_curation_matlab-main/src/fbc_curation/examples/models/iJR904.xml	obj	G_b4025	optimal	0.905983
fbc_curation_matlab-main/src/fbc_curation/examples/models/iJR904.xml	obj	G_b2926	optimal	0.625013
fbc_curation_matlab-main/src/fbc_curation/examples/models/iJR904.xml	obj	G_b3385	optimal	0.921948
fbc_curation_matlab-main/src/fbc_curation/examples/models/iJR904.xml	obj	G_b0166	optimal	0.000000
fbc_curation_matlab-main/src/fbc_curation/examples/models/iJR904.xml	obj	G_b0068	optimal	0.921948
fbc_curation_matlab-main/src/fbc_curation/examples/models/iJR904.xml	obj	G_b4395	optimal	0.921948
fbc_curation_matlab-main/src/fbc_curation/examples/models/iJR904.xml	obj	G_b0067	optimal	0.921948
fbc_curation_matlab-main/src/fbc_curation/examples/models/iJR904.xml	obj	G_b0755	optimal	0.921948
fbc_curation_matlab-main/src/fbc_curation/examples/models/iJR904.xml	obj	G_b0066	optimal	0.921948
fbc_curation_matlab-main/src/fbc_curation/examples/models/iJR904.xml	obj	G_b3612	optimal	0.921948
fbc_curation_matlab-main/src/fbc_curation/examples/models/iJR904.xml	obj	G_b0870	optimal	0.921948
fbc_curation_matlab-main/src/fbc_curation/examples/models/iJR904.xml	obj	G_b2690	optimal	0.921948
fbc_curation_matlab-main/src/fbc_curation/examples/models/iJR904.xml	obj	G_b3616	optimal	0.921948
fbc_curation_matlab-main/src/fbc_curation/examples/models/iJR904.xml	obj	G_b0688	optimal	0.921948
fbc_curation_matlab-main/src/fbc_curation/examples/models/iJR904.xml	obj	G_b3772	optimal	0.921948
fbc_curation_matlab-main/src/fbc_curation/examples/models/iJR904.xml	obj	G_b1278	optimal	0.921948
fbc_curation_matlab-main/src/fbc_curation/examples/models/iJR904.xml	obj	G_b0418	optimal	0.921948
fbc_curation_matlab-main/src/fbc_curation/examples/models/iJR904.xml	obj	G_b3117	optimal	0.921948
fbc_curation_matlab-main/src/fbc_curation/examples/models/iJR904.xml	obj	G_b1912	optimal	-0.000000
fbc_curation_matlab-main/src/fbc_curation/examples/models/iJR904.xml	obj	G_b3991	optimal	0.921948
fbc_curation_matlab-main/src/fbc_curation/examples/models/iJR904.xml	obj	G_b0576	optimal	0.921948
fbc_curation_matlab-main/src/fbc_curation/examples/models/iJR904.xml	obj	G_b0423	optimal	0.921948
fbc_curation_matlab-main/src/fbc_curation/examples/models/iJR904.xml	obj	G_b3727	optimal	0.921948
fbc_curation_matlab-main/src/fbc_curation/examples/models/iJR904.xml	obj	G_b3726	optimal	0.921948
fbc_curation_matlab-main/src/fbc_curation/examples/models/iJR904.xml	obj	G_b2530	optimal	0.921948
fbc_curation_matlab-main/src/fbc_curation/examples/models/iJR904.xml	obj	G_b3728	optimal	0.921948
fbc_curation_matlab-main/src/fbc_curation/examples/models/iJR904.xml	obj	G_b4407	optimal	0.921948
fbc_curation_matlab-main/src/fbc_curation/examples/models/iJR904.xml	obj	G_b3725	optimal	0.921948
fbc_curation_matlab-main/src/fbc_curation/examples/models/iJR904.xml	obj	G_b3992	optimal	0.921948
fbc_curation_matlab-main/src/fbc_curation/examples/models/iJR904.xml	obj	G_b3493	optimal	0.921948
fbc_curation_matlab-main/src/fbc_curation/examples/models/iJR904.xml	obj	G_b2987	optimal	0.921948
fbc_curation_matlab-main/src/fbc_curation/examples/models/iJR904.xml	obj	G_b3990	optimal	0.921948
fbc_curation_matlab-main/src/fbc_curation/examples/models/iJR904.xml	obj	G_b2935	optimal	0.921948
fbc_curation_matlab-main/src/fbc_curation/examples/models/iJR904.xml	obj	G_b2465	optimal	0.921948
fbc_curation_matlab-main/src/fbc_curation/examples/models/iJR904.xml	obj	G_b3821	optimal	0.921948
fbc_curation_matlab-main/src/fbc_curation/examples/models/iJR904.xml	obj	G_b0996	optimal	0.921948
fbc_curation_matlab-main/src/fbc_curation/examples/models/iJR904.xml	obj	G_b2048	optimal	0.921948
fbc_curation_matlab-main/src/fbc_curation/examples/models/iJR904.xml	obj	G_b0997	optimal	0.921948
fbc_curation_matlab-main/src/fbc_curation/examples/models/iJR904.xml	obj	G_b3974	infeasible	NaN
fbc_curation_matlab-main/src/fbc_curation/examples/models/iJR904.xml	obj	G_b3258	optimal	0.921948
fbc_curation_matlab-main/src/fbc_curation/examples/models/iJR904.xml	obj	G_b2827	optimal	0.000000
fbc_curation_matlab-main/src/fbc_curation/examples/models/iJR904.xml	obj	G_b0871	optimal	0.921948
fbc_curation_matlab-main/src/fbc_curation/examples/models/iJR904.xml	obj	G_b0417	optimal	0.921948
fbc_curation_matlab-main/src/fbc_curation/examples/models/iJR904.xml	obj	G_b3993	optimal	0.921948
fbc_curation_matlab-main/src/fbc_curation/examples/models/iJR904.xml	obj	G_b3919	optimal	0.844586
fbc_curation_matlab-main/src/fbc_curation/examples/models/iJR904.xml	obj	G_b4226	optimal	-0.000000
fbc_curation_matlab-main/src/fbc_curation/examples/models/iJR904.xml	obj	G_b0369	optimal	0.921948
fbc_curation_matlab-main/src/fbc_curation/examples/models/iJR904.xml	obj	G_b0888	optimal	0.000000
fbc_curation_matlab-main/src/fbc_curation/examples/models/iJR904.xml	obj	G_b3956	optimal	0.919141
fbc_curation_matlab-main/src/fbc_curation/examples/models/iJR904.xml	obj	G_b4239	optimal	0.921948
fbc_curation_matlab-main/src/fbc_curation/examples/models/iJR904.xml	obj	G_b3403	optimal	0.921948
fbc_curation_matlab-main/src/fbc_curation/examples/models/iJR904.xml	obj	G_b1897	optimal	0.921948
fbc_curation_matlab-main/src/fbc_curation/examples/models/iJR904.xml	obj	G_b1896	optimal	0.921948
fbc_curation_matlab-main/src/fbc_curation/examples/models/iJR904.xml	obj	G_b2920	optimal	0.921948
fbc_curation_matlab-main/src/fbc_curation/examples/models/iJR904.xml	obj	G_b3519	optimal	0.921948
fbc_curation_matlab-main/src/fbc_curation/examples/models/iJR904.xml	obj	G_b4383	optimal	0.920738
fbc_curation_matlab-main/src/fbc_curation/examples/models/iJR904.xml	obj	G_b1197	optimal	0.921948
fbc_curation_matlab-main/src/fbc_curation/examples/models/iJR904.xml	obj	G_b3380	optimal	0.921948
fbc_curation_matlab-main/src/fbc_curation/examples/models/iJR904.xml	obj	G_b4240	optimal	0.921948
fbc_curation_matlab-main/src/fbc_curation/examples/models/iJR904.xml	obj	G_b3850	optimal	0.921948
fbc_curation_matlab-main/src/fbc_curation/examples/models/iJR904.xml	obj	G_b2536	optimal	0.921948
fbc_curation_matlab-main/src/fbc_curation/examples/models/iJR904.xml	obj	G_b1261	optimal	-0.000000
fbc_curation_matlab-main/src/fbc_curation/examples/models/iJR904.xml	obj	G_b1702	optimal	0.921948
fbc_curation_matlab-main/src/fbc_curation/examples/models/iJR904.xml	obj	G_b1260	optimal	-0.000000
fbc_curation_matlab-main/src/fbc_curation/examples/models/iJR904.xml	obj	G_b4005	optimal	-0.000000
fbc_curation_matlab-main/src/fbc_curation/examples/models/iJR904.xml	obj	G_b3709	optimal	0.921948
fbc_curation_matlab-main/src/fbc_curation/examples/models/iJR904.xml	obj	G_b2499	optimal	0.000000
fbc_curation_matlab-main/src/fbc_curation/examples/models/iJR904.xml	obj	G_b3125	optimal	0.921948
fbc_curation_matlab-main/src/fbc_curation/examples/models/iJR904.xml	obj	G_b2026	optimal	0.000000
fbc_curation_matlab-main/src/fbc_curation/examples/models/iJR904.xml	obj	G_b2476	optimal	0.000000
fbc_curation_matlab-main/src/fbc_curation/examples/models/iJR904.xml	obj	G_b0509	optimal	0.921948
fbc_curation_matlab-main/src/fbc_curation/examples/models/iJR904.xml	obj	G_b2557	optimal	0.000000
fbc_curation_matlab-main/src/fbc_curation/examples/models/iJR904.xml	obj	G_b1907	optimal	0.921948
fbc_curation_matlab-main/src/fbc_curation/examples/models/iJR904.xml	obj	G_b0179	optimal	0.000000
fbc_curation_matlab-main/src/fbc_curation/examples/models/iJR904.xml	obj	G_b2024	optimal	0.000000
fbc_curation_matlab-main/src/fbc_curation/examples/models/iJR904.xml	obj	G_b0085	optimal	0.000000
fbc_curation_matlab-main/src/fbc_curation/examples/models/iJR904.xml	obj	G_b2678	optimal	0.921948
fbc_curation_matlab-main/src/fbc_curation/examples/models/iJR904.xml	obj	G_b3787	optimal	0.921948
fbc_curation_matlab-main/src/fbc_curation/examples/models/iJR904.xml	obj	G_b3786	optimal	0.921948
fbc_curation_matlab-main/src/fbc_curation/examples/models/iJR904.xml	obj	G_b2679	optimal	0.921948
fbc_curation_matlab-main/src/fbc_curation/examples/models/iJR904.xml	obj	G_b0181	optimal	0.000000
fbc_curation_matlab-main/src/fbc_curation/examples/models/iJR904.xml	obj	G_b2677	optimal	0.921948
fbc_curation_matlab-main/src/fbc_curation/examples/models/iJR904.xml	obj	G_b3189	optimal	0.000000
fbc_curation_matlab-main/src/fbc_curation/examples/models/iJR904.xml	obj	G_b4111	optimal	0.921948
fbc_curation_matlab-main/src/fbc_curation/examples/models/iJR904.xml	obj	G_b1015	optimal	0.921948
fbc_curation_matlab-main/src/fbc_curation/examples/models/iJR904.xml	obj	G_b0090	optimal	0.000000
fbc_curation_matlab-main/src/fbc_curation/examples/models/iJR904.xml	obj	G_b1207	optimal	-0.000000
fbc_curation_matlab-main/src/fbc_curation/examples/models/iJR904.xml	obj	G_b0088	optimal	0.000000
fbc_curation_matlab-main/src/fbc_curation/examples/models/iJR904.xml	obj	G_b0908	optimal	0.000000
fbc_curation_matlab-main/src/fbc_curation/examples/models/iJR904.xml	obj	G_b0091	optimal	0.000000
fbc_curation_matlab-main/src/fbc_curation/examples/models/iJR904.xml	obj	G_b4160	optimal	0.000000
fbc_curation_matlab-main/src/fbc_curation/examples/models/iJR904.xml	obj	G_b3972	optimal	0.000000
fbc_curation_matlab-main/src/fbc_curation/examples/models/iJR904.xml	obj	G_b4388	optimal	-0.000000
fbc_curation_matlab-main/src/fbc_curation/examples/models/iJR904.xml	obj	G_b0174	optimal	0.921948
fbc_curation_matlab-main/src/fbc_curation/examples/models/iJR904.xml	obj	G_b2585	optimal	0.000000
fbc_curation_matlab-main/src/fbc_curation/examples/models/iJR904.xml	obj	G_b0759	optimal	0.921948
fbc_curation_matlab-main/src/fbc_curation/examples/models/iJR904.xml	obj	G_b2297	optimal	0.921948
fbc_curation_matlab-main/src/fbc_curation/examples/models/iJR904.xml	obj	G_b2036	optimal	0.921948
fbc_curation_matlab-main/src/fbc_curation/examples/models/iJR904.xml	obj	G_b2458	optimal	0.921948
fbc_curation_matlab-main/src/fbc_curation/examples/models/iJR904.xml	obj	G_b2028	optimal	0.921948
fbc_curation_matlab-main/src/fbc_curation/examples/models/iJR904.xml	obj	G_b0758	optimal	0.921948
fbc_curation_matlab-main/src/fbc_curation/examples/models/iJR904.xml	obj	G_b3634	infeasible	NaN
fbc_curation_matlab-main/src/fbc_curation/examples/models/iJR904.xml	obj	G_b0692	optimal	0.921948
fbc_curation_matlab-main/src/fbc_curation/examples/models/iJR904.xml	obj	G_b0505	optimal	0.921948
fbc_curation_matlab-main/src/fbc_curation/examples/models/iJR904.xml	obj	G_b0856	optimal	0.921948
fbc_curation_matlab-main/src/fbc_curation/examples/models/iJR904.xml	obj	G_b0086	optimal	0.000000
fbc_curation_matlab-main/src/fbc_curation/examples/models/iJR904.xml	obj	G_b0096	optimal	0.000000
fbc_curation_matlab-main/src/fbc_curation/examples/models/iJR904.xml	obj	G_b1125	optimal	0.921948
fbc_curation_matlab-main/src/fbc_curation/examples/models/iJR904.xml	obj	G_b0171	optimal	0.921738
fbc_curation_matlab-main/src/fbc_curation/examples/models/iJR904.xml	obj	G_b1442	optimal	0.921948
fbc_curation_matlab-main/src/fbc_curation/examples/models/iJR904.xml	obj	G_b3803	optimal	0.921948
fbc_curation_matlab-main/src/fbc_curation/examples/models/iJR904.xml	obj	G_b3804	optimal	0.921948
fbc_curation_matlab-main/src/fbc_curation/examples/models/iJR904.xml	obj	G_b1441	optimal	0.921948
fbc_curation_matlab-main/src/fbc_curation/examples/models/iJR904.xml	obj	G_b1443	optimal	0.921948
fbc_curation_matlab-main/src/fbc_curation/examples/models/iJR904.xml	obj	G_b3997	optimal	0.921948
fbc_curation_matlab-main/src/fbc_curation/examples/models/iJR904.xml	obj	G_b1126	optimal	0.921948
fbc_curation_matlab-main/src/fbc_curation/examples/models/iJR904.xml	obj	G_b0855	optimal	0.921948
fbc_curation_matlab-main/src/fbc_curation/examples/models/iJR904.xml	obj	G_b2498	optimal	0.921948
fbc_curation_matlab-main/src/fbc_curation/examples/models/iJR904.xml	obj	G_b1124	optimal	0.921948
fbc_curation_matlab-main/src/fbc_curation/examples/models/iJR904.xml	obj	G_b2497	optimal	0.921948
fbc_curation_matlab-main/src/fbc_curation/examples/models/iJR904.xml	obj	G_b1440	optimal	0.921948
fbc_curation_matlab-main/src/fbc_curation/examples/models/iJR904.xml	obj	G_b1123	optimal	0.921948
fbc_curation_matlab-main/src/fbc_curation/examples/models/iJR904.xml	obj	G_b0854	optimal	0.921948
fbc_curation_matlab-main/src/fbc_curation/examples/models/iJR904.xml	obj	G_b1006	optimal	0.921948
fbc_curation_matlab-main/src/fbc_curation/examples/models/iJR904.xml	obj	G_b0857	optimal	0.921948
fbc_curation_matlab-main/src/fbc_curation/examples/models/iJR904.xml	obj	G_b2407	optimal	0.921948
fbc_curation_matlab-main/src/fbc_curation/examples/models/iJR904.xml	obj	G_b3572	optimal	0.921948
fbc_curation_matlab-main/src/fbc_curation/examples/models/iJR904.xml	obj	G_b4197	optimal	0.921948
fbc_curation_matlab-main/src/fbc_curation/examples/models/iJR904.xml	obj	G_b1636	optimal	0.921948
fbc_curation_matlab-main/src/fbc_curation/examples/models/iJR904.xml	obj	G_b3565	optimal	0.921948
fbc_curation_matlab-main/src/fbc_curation/examples/models/iJR904.xml	obj	G_b1854	optimal	0.921948
fbc_curation_matlab-main/src/fbc_curation/examples/models/iJR904.xml	obj	G_b3566	optimal	0.921948
fbc_curation_matlab-main/src/fbc_curation/examples/models/iJR904.xml	obj	G_b1676	optimal	0.921948
fbc_curation_matlab-main/src/fbc_curation/examples/models/iJR904.xml	obj	G_b3568	optimal	0.921948
fbc_curation_matlab-main/src/fbc_curation/examples/models/iJR904.xml	obj	G_b3567	optimal	0.921948
fbc_curation_matlab-main/src/fbc_curation/examples/models/iJR904.xml	obj	G_b4031	optimal	0.921948
fbc_curation_matlab-main/src/fbc_curation/examples/models/iJR904.xml	obj	G_b3831	optimal	0.921948
fbc_curation_matlab-main/src/fbc_curation/examples/models/iJR904.xml	obj	G_b0750	optimal	-0.000000
fbc_curation_matlab-main/src/fbc_curation/examples/models/iJR904.xml	obj	G_b1662	optimal	-0.000000
fbc_curation_matlab-main/src/fbc_curation/examples/models/iJR904.xml	obj	G_b0415	optimal	-0.000000
fbc_curation_matlab-main/src/fbc_curation/examples/models/iJR904.xml	obj	G_b3752	optimal	0.921948
fbc_curation_matlab-main/src/fbc_curation/examples/models/iJR904.xml	obj	G_b0063	optimal	0.921948
fbc_curation_matlab-main/src/fbc_curation/examples/models/iJR904.xml	obj	G_b4198	optimal	0.921948
fbc_curation_matlab-main/src/fbc_curation/examples/models/iJR904.xml	obj	G_b0061	optimal	0.921948
fbc_curation_matlab-main/src/fbc_curation/examples/models/iJR904.xml	obj	G_b3583	optimal	0.921948
fbc_curation_matlab-main/src/fbc_curation/examples/models/iJR904.xml	obj	G_b2687	optimal	0.921948
fbc_curation_matlab-main/src/fbc_curation/examples/models/iJR904.xml	obj	G_b3750	optimal	0.921948
fbc_curation_matlab-main/src/fbc_curation/examples/models/iJR904.xml	obj	G_b4227	optimal	0.921948
fbc_curation_matlab-main/src/fbc_curation/examples/models/iJR904.xml	obj	G_b3748	optimal	0.921948
fbc_curation_matlab-main/src/fbc_curation/examples/models/iJR904.xml	obj	G_b4228	optimal	0.921948
fbc_curation_matlab-main/src/fbc_curation/examples/models/iJR904.xml	obj	G_b3749	optimal	0.921948
fbc_curation_matlab-main/src/fbc_curation/examples/models/iJR904.xml	obj	G_b4230	optimal	0.921948
fbc_curation_matlab-main/src/fbc_curation/examples/models/iJR904.xml	obj	G_b4231	optimal	0.921948
fbc_curation_matlab-main/src/fbc_curation/examples/models/iJR904.xml	obj	G_b3751	optimal	0.921948
fbc_curation_matlab-main/src/fbc_curation/examples/models/iJR904.xml	obj	G_b4229	optimal	0.921948
fbc_curation_matlab-main/src/fbc_curation/examples/models/iJR904.xml	obj	G_b3903	optimal	0.921948
fbc_curation_matlab-main/src/fbc_curation/examples/models/iJR904.xml	obj	G_b3904	optimal	0.921948
fbc_curation_matlab-main/src/fbc_curation/examples/models/iJR904.xml	obj	G_b3907	optimal	0.921948
fbc_curation_matlab-main/src/fbc_curation/examples/models/iJR904.xml	obj	G_b3902	optimal	0.921948
fbc_curation_matlab-main/src/fbc_curation/examples/models/iJR904.xml	obj	G_b2235	optimal	0.921948
fbc_curation_matlab-main/src/fbc_curation/examples/models/iJR904.xml	obj	G_b2234	optimal	0.921948
fbc_curation_matlab-main/src/fbc_curation/examples/models/iJR904.xml	obj	G_b2675	optimal	0.921948
fbc_curation_matlab-main/src/fbc_curation/examples/models/iJR904.xml	obj	G_b2676	optimal	0.921948
fbc_curation_matlab-main/src/fbc_curation/examples/models/iJR904.xml	obj	G_b4238	optimal	0.921948
fbc_curation_matlab-main/src/fbc_curation/examples/models/iJR904.xml	obj	G_b4301	optimal	0.921948
fbc_curation_matlab-main/src/fbc_curation/examples/models/iJR904.xml	obj	G_b3386	optimal	0.921948
fbc_curation_matlab-main/src/fbc_curation/examples/models/iJR904.xml	obj	G_b2914	optimal	0.921948
fbc_curation_matlab-main/src/fbc_curation/examples/models/iJR904.xml	obj	G_b4090	optimal	0.921948
fbc_curation_matlab-main/src/fbc_curation/examples/models/iJR904.xml	obj	G_b0638	optimal	0.921948
fbc_curation_matlab-main/src/fbc_curation/examples/models/iJR904.xml	obj	G_b0222	optimal	0.000000
fbc_curation_matlab-main/src/fbc_curation/examples/models/iJR904.xml	obj	G_b1748	optimal	0.921948
fbc_curation_matlab-main/src/fbc_curation/examples/models/iJR904.xml	obj	G_b2752	optimal	-0.000000
fbc_curation_matlab-main/src/fbc_curation/examples/models/iJR904.xml	obj	G_b2751	optimal	-0.000000
fbc_curation_matlab-main/src/fbc_curation/examples/models/iJR904.xml	obj	G_b2705	optimal	0.921948
fbc_curation_matlab-main/src/fbc_curation/examples/models/iJR904.xml	obj	G_b2704	optimal	0.921948
fbc_curation_matlab-main/src/fbc_curation/examples/models/iJR904.xml	obj	G_b2703	optimal	0.921948
fbc_curation_matlab-main/src/fbc_curation/examples/models/iJR904.xml	obj	G_b2702	optimal	0.921948
fbc_curation_matlab-main/src/fbc_curation/examples/models/iJR904.xml	obj	G_b2472	optimal	0.000000
fbc_curation_matlab-main/src/fbc_curation/examples/models/iJR904.xml	obj	G_b1764	optimal	0.921948
fbc_curation_matlab-main/src/fbc_curation/examples/models/iJR904.xml	obj	G_b0586	optimal	0.921948
fbc_curation_matlab-main/src/fbc_curation/examples/models/iJR904.xml	obj	G_b3607	optimal	0.000000
fbc_curation_matlab-main/src/fbc_curation/examples/models/iJR904.xml	obj	G_b2366	optimal	0.921948
fbc_curation_matlab-main/src/fbc_curation/examples/models/iJR904.xml	obj	G_b2797	optimal	0.921948
fbc_curation_matlab-main/src/fbc_curation/examples/models/iJR904.xml	obj	G_b1814	optimal	0.921948
fbc_curation_matlab-main/src/fbc_curation/examples/models/iJR904.xml	obj	G_b3111	optimal	0.921948
fbc_curation_matlab-main/src/fbc_curation/examples/models/iJR904.xml	obj	G_b3112	optimal	0.921948
fbc_curation_matlab-main/src/fbc_curation/examples/models/iJR904.xml	obj	G_b2796	optimal	0.921948
fbc_curation_matlab-main/src/fbc_curation/examples/models/iJR904.xml	obj	G_b3116	optimal	0.921948
fbc_curation_matlab-main/src/fbc_curation/examples/models/iJR904.xml	obj	G_b3089	optimal	0.921948
fbc_curation_matlab-main/src/fbc_curation/examples/models/iJR904.xml	obj	G_b1744	optimal	0.921948
