{
	"FROG_date":	"07-Dec-2021",
	"FROG_version":	"1.0",
	"FROG_curators":	"Dinesh",
"FROG_software":{
	"name":	"FBC-Curation-Matlab",
	"version":	"1.0",
	"url":	"https://github.com/RamanLab/fbc_curation_matlab/",
},
"software":{
	"name":	"CobraToolbox",
	"version":	"3.0",
	"url":	"https://opencobra.github.io/cobratoolbox/stable/",
},
"solver":{
	"name":	"glpk",
	"url":	"Null"
},
	"model.filename":	"e_coli_core.xml",
	"model.md5":	"4574760460afe9e1b3388dc15f354706",
	"environment":	"Windows_NT, Version 10.0 (Build 19043)",
}