model	objective	reaction	flux	status	minimum	maximum	Fracton_optimum
fbc_curation_matlab-main\src\fbc_curation\examples\models\e_coli_core.xml	obj	PFK	7.477382	optimal	7.477306	7.477485	1.000000
fbc_curation_matlab-main\src\fbc_curation\examples\models\e_coli_core.xml	obj	PFL	0.000000	optimal	0.000000	0.000066	1.000000
fbc_curation_matlab-main\src\fbc_curation\examples\models\e_coli_core.xml	obj	PGI	4.860861	optimal	4.860632	4.861110	1.000000
fbc_curation_matlab-main\src\fbc_curation\examples\models\e_coli_core.xml	obj	PGK	-16.023526	optimal	-16.023610	-16.023451	1.000000
fbc_curation_matlab-main\src\fbc_curation\examples\models\e_coli_core.xml	obj	PGL	4.959985	optimal	4.959736	4.960214	1.000000
fbc_curation_matlab-main\src\fbc_curation\examples\models\e_coli_core.xml	obj	ACALD	0.000000	optimal	-0.000015	0.000000	1.000000
fbc_curation_matlab-main\src\fbc_curation\examples\models\e_coli_core.xml	obj	AKGt2r	-0.000000	optimal	-0.000008	-0.000000	1.000000
fbc_curation_matlab-main\src\fbc_curation\examples\models\e_coli_core.xml	obj	PGM	-14.716140	optimal	-14.716225	-14.716065	1.000000
fbc_curation_matlab-main\src\fbc_curation\examples\models\e_coli_core.xml	obj	PIt2r	3.214895	optimal	3.214893	3.214895	1.000000
fbc_curation_matlab-main\src\fbc_curation\examples\models\e_coli_core.xml	obj	ALCD2x	0.000000	optimal	-0.000013	0.000000	1.000000
fbc_curation_matlab-main\src\fbc_curation\examples\models\e_coli_core.xml	obj	ACALDt	0.000000	optimal	-0.000015	0.000000	1.000000
fbc_curation_matlab-main\src\fbc_curation\examples\models\e_coli_core.xml	obj	ACKr	0.000000	optimal	-0.000022	0.000000	1.000000
fbc_curation_matlab-main\src\fbc_curation\examples\models\e_coli_core.xml	obj	PPC	2.504309	optimal	2.503910	2.504441	1.000000
fbc_curation_matlab-main\src\fbc_curation\examples\models\e_coli_core.xml	obj	ACONTa	6.007250	optimal	6.007180	6.007340	1.000000
fbc_curation_matlab-main\src\fbc_curation\examples\models\e_coli_core.xml	obj	ACONTb	6.007250	optimal	6.007180	6.007340	1.000000
fbc_curation_matlab-main\src\fbc_curation\examples\models\e_coli_core.xml	obj	ATPM	8.390000	optimal	8.390000	8.390100	1.000000
fbc_curation_matlab-main\src\fbc_curation\examples\models\e_coli_core.xml	obj	PPCK	0.000000	optimal	0.000000	0.000100	1.000000
fbc_curation_matlab-main\src\fbc_curation\examples\models\e_coli_core.xml	obj	ACt2r	-0.000000	optimal	-0.000022	-0.000000	1.000000
fbc_curation_matlab-main\src\fbc_curation\examples\models\e_coli_core.xml	obj	PPS	0.000000	optimal	0.000000	0.000100	1.000000
fbc_curation_matlab-main\src\fbc_curation\examples\models\e_coli_core.xml	obj	ADK1	0.000000	optimal	0.000000	0.000100	1.000000
fbc_curation_matlab-main\src\fbc_curation\examples\models\e_coli_core.xml	obj	AKGDH	5.064376	optimal	5.063909	5.064466	1.000000
fbc_curation_matlab-main\src\fbc_curation\examples\models\e_coli_core.xml	obj	ATPS4r	45.514010	optimal	45.513801	45.514120	1.000000
fbc_curation_matlab-main\src\fbc_curation\examples\models\e_coli_core.xml	obj	PTAr	0.000000	optimal	0.000000	0.000022	1.000000
fbc_curation_matlab-main\src\fbc_curation\examples\models\e_coli_core.xml	obj	PYK	1.758177	optimal	1.758078	1.758503	1.000000
fbc_curation_matlab-main\src\fbc_curation\examples\models\e_coli_core.xml	obj	BIOMASS_Ecoli_core_w_GAM	0.873922	optimal	0.873921	0.873922	1.000000
fbc_curation_matlab-main\src\fbc_curation\examples\models\e_coli_core.xml	obj	PYRt2	-0.000000	optimal	-0.000015	-0.000000	1.000000
fbc_curation_matlab-main\src\fbc_curation\examples\models\e_coli_core.xml	obj	CO2t	-22.809833	optimal	-22.809855	-22.809789	1.000000
fbc_curation_matlab-main\src\fbc_curation\examples\models\e_coli_core.xml	obj	RPE	2.678482	optimal	2.678316	2.678635	1.000000
fbc_curation_matlab-main\src\fbc_curation\examples\models\e_coli_core.xml	obj	CS	6.007250	optimal	6.007180	6.007340	1.000000
fbc_curation_matlab-main\src\fbc_curation\examples\models\e_coli_core.xml	obj	RPI	-2.281503	optimal	-2.281579	-2.281420	1.000000
fbc_curation_matlab-main\src\fbc_curation\examples\models\e_coli_core.xml	obj	SUCCt2_2	0.000000	optimal	0.000000	0.000133	1.000000
fbc_curation_matlab-main\src\fbc_curation\examples\models\e_coli_core.xml	obj	CYTBD	43.598985	optimal	43.598941	43.599030	1.000000
fbc_curation_matlab-main\src\fbc_curation\examples\models\e_coli_core.xml	obj	D_LACt2	-0.000000	optimal	-0.000012	-0.000000	1.000000
fbc_curation_matlab-main\src\fbc_curation\examples\models\e_coli_core.xml	obj	ENO	14.716140	optimal	14.716065	14.716225	1.000000
fbc_curation_matlab-main\src\fbc_curation\examples\models\e_coli_core.xml	obj	SUCCt3	0.000000	optimal	0.000000	0.000133	1.000000
fbc_curation_matlab-main\src\fbc_curation\examples\models\e_coli_core.xml	obj	ETOHt2r	-0.000000	optimal	-0.000013	-0.000000	1.000000
fbc_curation_matlab-main\src\fbc_curation\examples\models\e_coli_core.xml	obj	SUCDi	5.064376	optimal	5.064307	1000.000000	1.000000
fbc_curation_matlab-main\src\fbc_curation\examples\models\e_coli_core.xml	obj	SUCOAS	-5.064376	optimal	-5.064466	-5.063909	1.000000
fbc_curation_matlab-main\src\fbc_curation\examples\models\e_coli_core.xml	obj	TALA	1.496984	optimal	1.496901	1.497060	1.000000
fbc_curation_matlab-main\src\fbc_curation\examples\models\e_coli_core.xml	obj	THD2	0.000000	optimal	0.000000	0.000398	1.000000
fbc_curation_matlab-main\src\fbc_curation\examples\models\e_coli_core.xml	obj	TKT1	1.496984	optimal	1.496901	1.497060	1.000000
fbc_curation_matlab-main\src\fbc_curation\examples\models\e_coli_core.xml	obj	TKT2	1.181498	optimal	1.181415	1.181575	1.000000
fbc_curation_matlab-main\src\fbc_curation\examples\models\e_coli_core.xml	obj	TPI	7.477382	optimal	7.477306	7.477465	1.000000
fbc_curation_matlab-main\src\fbc_curation\examples\models\e_coli_core.xml	obj	EX_ac_e	0.000000	optimal	0.000000	0.000022	1.000000
fbc_curation_matlab-main\src\fbc_curation\examples\models\e_coli_core.xml	obj	EX_acald_e	0.000000	optimal	0.000000	0.000015	1.000000
fbc_curation_matlab-main\src\fbc_curation\examples\models\e_coli_core.xml	obj	EX_akg_e	0.000000	optimal	0.000000	0.000008	1.000000
fbc_curation_matlab-main\src\fbc_curation\examples\models\e_coli_core.xml	obj	EX_co2_e	22.809833	optimal	22.809789	22.809855	1.000000
fbc_curation_matlab-main\src\fbc_curation\examples\models\e_coli_core.xml	obj	EX_etoh_e	0.000000	optimal	0.000000	0.000013	1.000000
fbc_curation_matlab-main\src\fbc_curation\examples\models\e_coli_core.xml	obj	EX_for_e	0.000000	optimal	0.000000	0.000066	1.000000
fbc_curation_matlab-main\src\fbc_curation\examples\models\e_coli_core.xml	obj	EX_fru_e	0.000000	optimal	0.000000	0.000000	1.000000
fbc_curation_matlab-main\src\fbc_curation\examples\models\e_coli_core.xml	obj	EX_fum_e	0.000000	optimal	0.000000	0.000000	1.000000
fbc_curation_matlab-main\src\fbc_curation\examples\models\e_coli_core.xml	obj	EX_glc__D_e	-10.000000	optimal	-10.000000	-9.999994	1.000000
fbc_curation_matlab-main\src\fbc_curation\examples\models\e_coli_core.xml	obj	EX_gln__L_e	0.000000	optimal	0.000000	0.000000	1.000000
fbc_curation_matlab-main\src\fbc_curation\examples\models\e_coli_core.xml	obj	EX_glu__L_e	0.000000	optimal	0.000000	0.000007	1.000000
fbc_curation_matlab-main\src\fbc_curation\examples\models\e_coli_core.xml	obj	EX_h_e	17.530865	optimal	17.530855	17.530922	1.000000
fbc_curation_matlab-main\src\fbc_curation\examples\models\e_coli_core.xml	obj	EX_h2o_e	29.175827	optimal	29.175779	29.175845	1.000000
fbc_curation_matlab-main\src\fbc_curation\examples\models\e_coli_core.xml	obj	EX_lac__D_e	0.000000	optimal	0.000000	0.000012	1.000000
fbc_curation_matlab-main\src\fbc_curation\examples\models\e_coli_core.xml	obj	EX_mal__L_e	0.000000	optimal	0.000000	0.000000	1.000000
fbc_curation_matlab-main\src\fbc_curation\examples\models\e_coli_core.xml	obj	EX_nh4_e	-4.765319	optimal	-4.765324	-4.765316	1.000000
fbc_curation_matlab-main\src\fbc_curation\examples\models\e_coli_core.xml	obj	EX_o2_e	-21.799493	optimal	-21.799515	-21.799471	1.000000
fbc_curation_matlab-main\src\fbc_curation\examples\models\e_coli_core.xml	obj	EX_pi_e	-3.214895	optimal	-3.214895	-3.214893	1.000000
fbc_curation_matlab-main\src\fbc_curation\examples\models\e_coli_core.xml	obj	EX_pyr_e	0.000000	optimal	0.000000	0.000015	1.000000
fbc_curation_matlab-main\src\fbc_curation\examples\models\e_coli_core.xml	obj	EX_succ_e	0.000000	optimal	0.000000	0.000010	1.000000
fbc_curation_matlab-main\src\fbc_curation\examples\models\e_coli_core.xml	obj	FBA	7.477382	optimal	7.477306	7.477465	1.000000
fbc_curation_matlab-main\src\fbc_curation\examples\models\e_coli_core.xml	obj	FBP	0.000000	optimal	0.000000	0.000100	1.000000
fbc_curation_matlab-main\src\fbc_curation\examples\models\e_coli_core.xml	obj	FORt2	0.000000	optimal	0.000000	0.000398	1.000000
fbc_curation_matlab-main\src\fbc_curation\examples\models\e_coli_core.xml	obj	FORt	0.000000	optimal	-0.000398	-0.000000	1.000000
fbc_curation_matlab-main\src\fbc_curation\examples\models\e_coli_core.xml	obj	FRD7	0.000000	optimal	0.000000	994.935693	1.000000
fbc_curation_matlab-main\src\fbc_curation\examples\models\e_coli_core.xml	obj	FRUpts2	0.000000	optimal	0.000000	0.000000	1.000000
fbc_curation_matlab-main\src\fbc_curation\examples\models\e_coli_core.xml	obj	FUM	5.064376	optimal	5.064307	5.064466	1.000000
fbc_curation_matlab-main\src\fbc_curation\examples\models\e_coli_core.xml	obj	FUMt2_2	0.000000	optimal	0.000000	0.000000	1.000000
fbc_curation_matlab-main\src\fbc_curation\examples\models\e_coli_core.xml	obj	G6PDH2r	4.959985	optimal	4.959736	4.960214	1.000000
fbc_curation_matlab-main\src\fbc_curation\examples\models\e_coli_core.xml	obj	GAPD	16.023526	optimal	16.023451	16.023610	1.000000
fbc_curation_matlab-main\src\fbc_curation\examples\models\e_coli_core.xml	obj	GLCpts	10.000000	optimal	9.999994	10.000000	1.000000
fbc_curation_matlab-main\src\fbc_curation\examples\models\e_coli_core.xml	obj	GLNS	0.223462	optimal	0.223462	0.223561	1.000000
fbc_curation_matlab-main\src\fbc_curation\examples\models\e_coli_core.xml	obj	GLNabc	0.000000	optimal	0.000000	0.000000	1.000000
fbc_curation_matlab-main\src\fbc_curation\examples\models\e_coli_core.xml	obj	GLUDy	-4.541857	optimal	-4.541862	-4.541755	1.000000
fbc_curation_matlab-main\src\fbc_curation\examples\models\e_coli_core.xml	obj	GLUN	0.000000	optimal	0.000000	0.000100	1.000000
fbc_curation_matlab-main\src\fbc_curation\examples\models\e_coli_core.xml	obj	GLUSy	0.000000	optimal	0.000000	0.000100	1.000000
fbc_curation_matlab-main\src\fbc_curation\examples\models\e_coli_core.xml	obj	GLUt2r	-0.000000	optimal	-0.000007	-0.000000	1.000000
fbc_curation_matlab-main\src\fbc_curation\examples\models\e_coli_core.xml	obj	GND	4.959985	optimal	4.959736	4.960214	1.000000
fbc_curation_matlab-main\src\fbc_curation\examples\models\e_coli_core.xml	obj	H2Ot	-29.175827	optimal	-29.175845	-29.175779	1.000000
fbc_curation_matlab-main\src\fbc_curation\examples\models\e_coli_core.xml	obj	ICDHyr	6.007250	optimal	6.006782	6.007340	1.000000
fbc_curation_matlab-main\src\fbc_curation\examples\models\e_coli_core.xml	obj	ICL	0.000000	optimal	0.000000	0.000398	1.000000
fbc_curation_matlab-main\src\fbc_curation\examples\models\e_coli_core.xml	obj	LDH_D	0.000000	optimal	-0.000012	0.000000	1.000000
fbc_curation_matlab-main\src\fbc_curation\examples\models\e_coli_core.xml	obj	MALS	0.000000	optimal	0.000000	0.000398	1.000000
fbc_curation_matlab-main\src\fbc_curation\examples\models\e_coli_core.xml	obj	MALt2_2	0.000000	optimal	0.000000	0.000000	1.000000
fbc_curation_matlab-main\src\fbc_curation\examples\models\e_coli_core.xml	obj	MDH	5.064376	optimal	5.064280	5.064705	1.000000
fbc_curation_matlab-main\src\fbc_curation\examples\models\e_coli_core.xml	obj	ME1	0.000000	optimal	0.000000	0.000100	1.000000
fbc_curation_matlab-main\src\fbc_curation\examples\models\e_coli_core.xml	obj	ME2	0.000000	optimal	0.000000	0.000133	1.000000
fbc_curation_matlab-main\src\fbc_curation\examples\models\e_coli_core.xml	obj	NADH16	38.534610	optimal	38.534563	38.534723	1.000000
fbc_curation_matlab-main\src\fbc_curation\examples\models\e_coli_core.xml	obj	NADTRHD	0.000000	optimal	0.000000	0.000398	1.000000
fbc_curation_matlab-main\src\fbc_curation\examples\models\e_coli_core.xml	obj	NH4t	4.765319	optimal	4.765316	4.765324	1.000000
fbc_curation_matlab-main\src\fbc_curation\examples\models\e_coli_core.xml	obj	O2t	21.799493	optimal	21.799471	21.799515	1.000000
fbc_curation_matlab-main\src\fbc_curation\examples\models\e_coli_core.xml	obj	PDH	9.282533	optimal	9.282461	9.282860	1.000000
